id,filename,relative_path,width,height,orientation,aspect_ratio,file_size_bytes,blur_score,is_blurry,brightness,exposure_status,file_integrity,technical_status
001,IMG_8067.JPG,AESTHETIC/IMG_8067.JPG,1920,1280,LANDSCAPE,1.5,858346,204,NO,147,NORMAL,OK,OK
002,IMG_8068.JPG,AESTHETIC/IMG_8068.JPG,1920,1280,LANDSCAPE,1.5,1738014,484,NO,19,UNDEREXPOSED,OK,NEEDS_REVIEW
003,IMG_8071.JPG,AESTHETIC/IMG_8071.JPG,1920,1280,LANDSCAPE,1.5,1425485,416,NO,246,OVEREXPOSED,OK,NEEDS_REVIEW
004,IMG_8113.JPG,AESTHETIC/IMG_8113.JPG,1920,1280,LANDSCAPE,1.5,846692,431,NO,125,NORMAL,OK,OK
005,IMG_8121.JPG,AESTHETIC/IMG_8121.JPG,1920,1280,LANDSCAPE,1.5,738792,443,NO,9,UNDEREXPOSED,OK,NEEDS_REVIEW
006,IMG_7822.JPG,GORO/IMG_7822.JPG,6000,4000,LANDSCAPE,1.5,8459561,422,NO,59,NORMAL,OK,OK
007,IMG_7828.JPG,GORO/IMG_7828.JPG,1920,1280,LANDSCAPE,1.5,1178278,462,NO,92,NORMAL,OK,OK
008,IMG_8083.JPG,GORO/SORE/IMG_8083.JPG,1920,1280,LANDSCAPE,1.5,983909,436,NO,88,NORMAL,OK,OK
009,IMG_8084.JPG,GORO/SORE/IMG_8084.JPG,1920,1280,LANDSCAPE,1.5,1572113,326,NO,157,NORMAL,OK,OK
010,IMG_8086.JPG,GORO/SORE/IMG_8086.JPG,1920,1280,LANDSCAPE,1.5,922107,253,NO,217,NORMAL,OK,OK
011,IMG_8087.JPG,GORO/SORE/IMG_8087.JPG,1920,1280,LANDSCAPE,1.5,918676,60,YES,91,NORMAL,OK,NEEDS_REVIEW
012,IMG_8088.JPG,GORO/SORE/IMG_8088.JPG,1920,1280,LANDSCAPE,1.5,760136,442,NO,136,NORMAL,OK,OK
013,IMG_8090.JPG,GORO/SORE/IMG_8090.JPG,1920,1280,LANDSCAPE,1.5,1196578,216,NO,57,NORMAL,OK,OK
014,IMG_8091.JPG,GORO/SORE/IMG_8091.JPG,1920,1280,LANDSCAPE,1.5,1236786,497,NO,174,NORMAL,OK,OK
015,IMG_8093.JPG,GORO/SORE/IMG_8093.JPG,1920,1280,LANDSCAPE,1.5,1866332,114,NO,204,NORMAL,OK,OK
016,IMG_8094.JPG,GORO/SORE/IMG_8094.JPG,1920,1280,LANDSCAPE,1.5,1110585,485,NO,145,NORMAL,OK,OK
017,IMG_8095.JPG,GORO/SORE/IMG_8095.JPG,1920,1280,LANDSCAPE,1.5,821005,194,NO,12,UNDEREXPOSED,OK,NEEDS_REVIEW
018,IMG_8097.JPG,GORO/SORE/IMG_8097.JPG,1920,1280,LANDSCAPE,1.5,819928,176,NO,145,NORMAL,OK,OK
019,IMG_8101.JPG,GORO/SORE/IMG_8101.JPG,1920,1280,LANDSCAPE,1.5,1417564,259,NO,77,NORMAL,OK,OK
020,IMG_8104.JPG,GORO/SORE/IMG_8104.JPG,1920,1280,LANDSCAPE,1.5,1230466,440,NO,130,NORMAL,OK,OK
021,IMG_8108.JPG,GORO/SORE/IMG_8108.JPG,1920,1280,LANDSCAPE,1.5,993338,56,YES,55,NORMAL,OK,NEEDS_REVIEW
022,IMG_8109.JPG,GORO/SORE/IMG_8109.JPG,1920,1280,LANDSCAPE,1.5,1037221,444,NO,94,NORMAL,OK,OK
023,IMG_8111.JPG,GORO/SORE/IMG_8111.JPG,1920,1280,LANDSCAPE,1.5,807979,187,NO,233,OVEREXPOSED,OK,NEEDS_REVIEW
024,IMG_8115.JPG,GORO/SORE/IMG_8115.JPG,1920,1280,LANDSCAPE,1.5,1023230,9,YES,12,UNDEREXPOSED,OK,NEEDS_REVIEW
025,IMG_8119.JPG,GORO/SORE/IMG_8119.JPG,1920,1280,LANDSCAPE,1.5,1653298,429,NO,205,NORMAL,OK,OK
026,IMG_8122.JPG,GORO/SORE/IMG_8122.JPG,1920,1280,LANDSCAPE,1.5,889003,27,YES,198,NORMAL,OK,NEEDS_REVIEW
027,IMG_7844.JPG,KKN RA AL KAUTSAR/IMG_7844.JPG,1920,1280,LANDSCAPE,1.5,816847,70,YES,124,NORMAL,OK,NEEDS_REVIEW
028,IMG_7847.JPG,KKN RA AL KAUTSAR/IMG_7847.JPG,1920,1280,LANDSCAPE,1.5,1282043,201,NO,79,NORMAL,OK,OK
029,IMG_7852.JPG,KKN RA AL KAUTSAR/IMG_7852.JPG,1920,1280,LANDSCAPE,1.5,1090849,325,NO,119,NORMAL,OK,OK
030,IMG_7855.JPG,KKN RA AL KAUTSAR/IMG_7855.JPG,1920,1280,LANDSCAPE,1.5,1572377,499,NO,232,OVEREXPOSED,OK,NEEDS_REVIEW
031,IMG_7856.JPG,KKN RA AL KAUTSAR/IMG_7856.JPG,1920,1280,LANDSCAPE,1.5,1514016,341,NO,146,NORMAL,OK,OK
032,IMG_7859.JPG,KKN RA AL KAUTSAR/IMG_7859.JPG,1920,1280,LANDSCAPE,1.5,1527634,321,NO,193,NORMAL,OK,OK
033,IMG_7860.JPG,KKN RA AL KAUTSAR/IMG_7860.JPG,1920,1280,LANDSCAPE,1.5,1406458,92,YES,166,NORMAL,OK,NEEDS_REVIEW
034,IMG_7863.JPG,KKN RA AL KAUTSAR/IMG_7863.JPG,1920,1280,LANDSCAPE,1.5,1451732,384,NO,3,UNDEREXPOSED,OK,NEEDS_REVIEW
035,IMG_7867.JPG,KKN RA AL KAUTSAR/IMG_7867.JPG,1920,1280,LANDSCAPE,1.5,1164320,298,NO,159,NORMAL,OK,OK
036,IMG_7868.JPG,KKN RA AL KAUTSAR/IMG_7868.JPG,1920,1280,LANDSCAPE,1.5,1170105,402,NO,16,UNDEREXPOSED,OK,NEEDS_REVIEW
037,IMG_7869.JPG,KKN RA AL KAUTSAR/IMG_7869.JPG,1920,1280,LANDSCAPE,1.5,1147582,301,NO,202,NORMAL,OK,OK
038,IMG_7870.JPG,KKN RA AL KAUTSAR/IMG_7870.JPG,1920,1280,LANDSCAPE,1.5,1183685,493,NO,28,UNDEREXPOSED,OK,NEEDS_REVIEW
039,IMG_7871.JPG,KKN RA AL KAUTSAR/IMG_7871.JPG,1920,1280,LANDSCAPE,1.5,1047851,77,YES,112,NORMAL,OK,NEEDS_REVIEW
040,IMG_7872.JPG,KKN RA AL KAUTSAR/IMG_7872.JPG,1920,1280,LANDSCAPE,1.5,996498,367,NO,63,NORMAL,OK,OK
041,IMG_7875.JPG,KKN RA AL KAUTSAR/IMG_7875.JPG,1920,1280,LANDSCAPE,1.5,1145968,419,NO,22,UNDEREXPOSED,OK,NEEDS_REVIEW
042,IMG_7877.JPG,KKN RA AL KAUTSAR/IMG_7877.JPG,1920,1280,LANDSCAPE,1.5,1184789,424,NO,198,NORMAL,OK,OK
043,IMG_7878.JPG,KKN RA AL KAUTSAR/IMG_7878.JPG,1920,1280,LANDSCAPE,1.5,1254840,218,NO,52,NORMAL,OK,OK
044,IMG_7879.JPG,KKN RA AL KAUTSAR/IMG_7879.JPG,1920,1280,LANDSCAPE,1.5,1191645,78,YES,242,OVEREXPOSED,OK,NEEDS_REVIEW
045,IMG_7881.JPG,KKN RA AL KAUTSAR/IMG_7881.JPG,1920,1280,LANDSCAPE,1.5,1381763,49,YES,186,NORMAL,OK,NEEDS_REVIEW
046,IMG_7882.JPG,KKN RA AL KAUTSAR/IMG_7882.JPG,1920,1280,LANDSCAPE,1.5,1247787,451,NO,27,UNDEREXPOSED,OK,NEEDS_REVIEW
047,IMG_7883.JPG,KKN RA AL KAUTSAR/IMG_7883.JPG,1920,1280,LANDSCAPE,1.5,1052180,116,NO,216,NORMAL,OK,OK
048,IMG_7885.JPG,KKN RA AL KAUTSAR/IMG_7885.JPG,1920,1280,LANDSCAPE,1.5,1169437,296,NO,147,NORMAL,OK,OK
049,IMG_7888.JPG,KKN RA AL KAUTSAR/IMG_7888.JPG,1920,1280,LANDSCAPE,1.5,1131866,236,NO,74,NORMAL,OK,OK
050,IMG_7890.JPG,KKN RA AL KAUTSAR/IMG_7890.JPG,1920,1280,LANDSCAPE,1.5,1263749,189,NO,17,UNDEREXPOSED,OK,NEEDS_REVIEW
051,IMG_7895.JPG,KKN RA AL KAUTSAR/IMG_7895.JPG,1920,1280,LANDSCAPE,1.5,951846,40,YES,54,NORMAL,OK,NEEDS_REVIEW
052,IMG_7896.JPG,KKN RA AL KAUTSAR/IMG_7896.JPG,1920,1280,LANDSCAPE,1.5,976519,265,NO,109,NORMAL,OK,OK
053,IMG_7897.JPG,KKN RA AL KAUTSAR/IMG_7897.JPG,1920,1280,LANDSCAPE,1.5,976699,22,YES,231,OVEREXPOSED,OK,NEEDS_REVIEW
054,IMG_7899.JPG,KKN RA AL KAUTSAR/IMG_7899.JPG,1920,1280,LANDSCAPE,1.5,1220205,260,NO,154,NORMAL,OK,OK
055,IMG_7906.JPG,KKN RA AL KAUTSAR/IMG_7906.JPG,1920,1280,LANDSCAPE,1.5,1189264,369,NO,211,NORMAL,OK,OK
056,IMG_7910.JPG,KKN RA AL KAUTSAR/IMG_7910.JPG,1920,1280,LANDSCAPE,1.5,1066824,360,NO,105,NORMAL,OK,OK
057,IMG_7911.JPG,KKN RA AL KAUTSAR/IMG_7911.JPG,1920,1280,LANDSCAPE,1.5,1056299,385,NO,64,NORMAL,OK,OK
058,IMG_7912.JPG,KKN RA AL KAUTSAR/IMG_7912.JPG,1920,1280,LANDSCAPE,1.5,1031547,336,NO,195,NORMAL,OK,OK
059,IMG_7913.JPG,KKN RA AL KAUTSAR/IMG_7913.JPG,1920,1280,LANDSCAPE,1.5,1112174,347,NO,146,NORMAL,OK,OK
060,IMG_7917.JPG,KKN RA AL KAUTSAR/IMG_7917.JPG,1920,1280,LANDSCAPE,1.5,1265452,38,YES,33,UNDEREXPOSED,OK,NEEDS_REVIEW
061,IMG_7918.JPG,KKN RA AL KAUTSAR/IMG_7918.JPG,1920,1280,LANDSCAPE,1.5,1166007,245,NO,41,NORMAL,OK,OK
062,IMG_7920.JPG,KKN RA AL KAUTSAR/IMG_7920.JPG,1920,1280,LANDSCAPE,1.5,1012675,69,YES,178,NORMAL,OK,NEEDS_REVIEW
063,IMG_7923.JPG,KKN RA AL KAUTSAR/IMG_7923.JPG,1920,1280,LANDSCAPE,1.5,1081527,393,NO,11,UNDEREXPOSED,OK,NEEDS_REVIEW
064,IMG_7926.JPG,KKN RA AL KAUTSAR/IMG_7926.JPG,1920,1280,LANDSCAPE,1.5,1174391,74,YES,171,NORMAL,OK,NEEDS_REVIEW
065,IMG_7934.JPG,KKN RA AL KAUTSAR/IMG_7934.JPG,1920,1280,LANDSCAPE,1.5,1070265,163,NO,181,NORMAL,OK,OK
066,IMG_7936.JPG,KKN RA AL KAUTSAR/IMG_7936.JPG,1920,1280,LANDSCAPE,1.5,1095396,195,NO,174,NORMAL,OK,OK
067,IMG_7940.JPG,KKN RA AL KAUTSAR/IMG_7940.JPG,1920,1280,LANDSCAPE,1.5,1144603,68,YES,178,NORMAL,OK,NEEDS_REVIEW
068,IMG_7941.JPG,KKN RA AL KAUTSAR/IMG_7941.JPG,1920,1280,LANDSCAPE,1.5,1153699,109,NO,34,UNDEREXPOSED,OK,NEEDS_REVIEW
069,IMG_7943.JPG,KKN RA AL KAUTSAR/IMG_7943.JPG,1920,1280,LANDSCAPE,1.5,1232614,109,NO,87,NORMAL,OK,OK
070,IMG_7945.JPG,KKN RA AL KAUTSAR/IMG_7945.JPG,1920,1280,LANDSCAPE,1.5,1120263,165,NO,152,NORMAL,OK,OK
071,IMG_7953.JPG,KKN RA AL KAUTSAR/IMG_7953.JPG,1920,1280,LANDSCAPE,1.5,1056999,310,NO,128,NORMAL,OK,OK
072,IMG_7954.JPG,KKN RA AL KAUTSAR/IMG_7954.JPG,1920,1280,LANDSCAPE,1.5,1086472,418,NO,161,NORMAL,OK,OK
073,IMG_7955.JPG,KKN RA AL KAUTSAR/IMG_7955.JPG,1920,1280,LANDSCAPE,1.5,1014118,129,NO,52,NORMAL,OK,OK
074,IMG_7956.JPG,KKN RA AL KAUTSAR/IMG_7956.JPG,1920,1280,LANDSCAPE,1.5,907400,62,YES,1,UNDEREXPOSED,OK,NEEDS_REVIEW
075,IMG_7957.JPG,KKN RA AL KAUTSAR/IMG_7957.JPG,1920,1280,LANDSCAPE,1.5,1107346,39,YES,142,NORMAL,OK,NEEDS_REVIEW
076,IMG_7958.JPG,KKN RA AL KAUTSAR/IMG_7958.JPG,1920,1280,LANDSCAPE,1.5,1139035,326,NO,239,OVEREXPOSED,OK,NEEDS_REVIEW
077,IMG_7959.JPG,KKN RA AL KAUTSAR/IMG_7959.JPG,1920,1280,LANDSCAPE,1.5,1076039,450,NO,126,NORMAL,OK,OK
078,IMG_7960.JPG,KKN RA AL KAUTSAR/IMG_7960.JPG,1920,1280,LANDSCAPE,1.5,1086774,256,NO,20,UNDEREXPOSED,OK,NEEDS_REVIEW
079,IMG_7961.JPG,KKN RA AL KAUTSAR/IMG_7961.JPG,1920,1280,LANDSCAPE,1.5,1069366,196,NO,196,NORMAL,OK,OK
080,IMG_7962.JPG,KKN RA AL KAUTSAR/IMG_7962.JPG,1920,1280,LANDSCAPE,1.5,1071436,9,YES,243,OVEREXPOSED,OK,NEEDS_REVIEW
081,IMG_7963.JPG,KKN RA AL KAUTSAR/IMG_7963.JPG,1920,1280,LANDSCAPE,1.5,1070864,241,NO,223,OVEREXPOSED,OK,NEEDS_REVIEW
082,IMG_7964.JPG,KKN RA AL KAUTSAR/IMG_7964.JPG,1920,1280,LANDSCAPE,1.5,1028777,321,NO,141,NORMAL,OK,OK
083,IMG_7965.JPG,KKN RA AL KAUTSAR/IMG_7965.JPG,1920,1280,LANDSCAPE,1.5,1098808,463,NO,70,NORMAL,OK,OK
084,IMG_7966.JPG,KKN RA AL KAUTSAR/IMG_7966.JPG,1920,1280,LANDSCAPE,1.5,1048083,166,NO,187,NORMAL,OK,OK
085,IMG_7967.JPG,KKN RA AL KAUTSAR/IMG_7967.JPG,1920,1280,LANDSCAPE,1.5,1044992,419,NO,11,UNDEREXPOSED,OK,NEEDS_REVIEW
086,IMG_7968.JPG,KKN RA AL KAUTSAR/IMG_7968.JPG,1920,1280,LANDSCAPE,1.5,1032533,191,NO,139,NORMAL,OK,OK
087,IMG_7969.JPG,KKN RA AL KAUTSAR/IMG_7969.JPG,1920,1280,LANDSCAPE,1.5,996848,39,YES,200,NORMAL,OK,NEEDS_REVIEW
088,IMG_7970.JPG,KKN RA AL KAUTSAR/IMG_7970.JPG,1920,1280,LANDSCAPE,1.5,929689,145,NO,36,UNDEREXPOSED,OK,NEEDS_REVIEW
089,IMG_7971.JPG,KKN RA AL KAUTSAR/IMG_7971.JPG,1920,1280,LANDSCAPE,1.5,903836,87,YES,117,NORMAL,OK,NEEDS_REVIEW
090,IMG_7972.JPG,KKN RA AL KAUTSAR/IMG_7972.JPG,1920,1280,LANDSCAPE,1.5,953954,34,YES,137,NORMAL,OK,NEEDS_REVIEW
091,IMG_7973.JPG,KKN RA AL KAUTSAR/IMG_7973.JPG,1920,1280,LANDSCAPE,1.5,945111,477,NO,68,NORMAL,OK,OK
092,IMG_7974.JPG,KKN RA AL KAUTSAR/IMG_7974.JPG,1920,1280,LANDSCAPE,1.5,978666,437,NO,6,UNDEREXPOSED,OK,NEEDS_REVIEW
093,IMG_7975.JPG,KKN RA AL KAUTSAR/IMG_7975.JPG,1920,1280,LANDSCAPE,1.5,979570,486,NO,73,NORMAL,OK,OK
094,IMG_7976.JPG,KKN RA AL KAUTSAR/IMG_7976.JPG,1920,1280,LANDSCAPE,1.5,1019544,183,NO,229,OVEREXPOSED,OK,NEEDS_REVIEW
095,IMG_7977.JPG,KKN RA AL KAUTSAR/IMG_7977.JPG,1920,1280,LANDSCAPE,1.5,978891,117,NO,14,UNDEREXPOSED,OK,NEEDS_REVIEW
096,IMG_7978.JPG,KKN RA AL KAUTSAR/IMG_7978.JPG,1920,1280,LANDSCAPE,1.5,1039649,85,YES,101,NORMAL,OK,NEEDS_REVIEW
097,IMG_7979.JPG,KKN RA AL KAUTSAR/IMG_7979.JPG,1920,1280,LANDSCAPE,1.5,1052294,11,YES,168,NORMAL,OK,NEEDS_REVIEW
098,IMG_7980.JPG,KKN RA AL KAUTSAR/IMG_7980.JPG,1920,1280,LANDSCAPE,1.5,1009851,286,NO,241,OVEREXPOSED,OK,NEEDS_REVIEW
099,IMG_7981.JPG,KKN RA AL KAUTSAR/IMG_7981.JPG,1920,1280,LANDSCAPE,1.5,974529,129,NO,250,OVEREXPOSED,OK,NEEDS_REVIEW
100,IMG_7982.JPG,KKN RA AL KAUTSAR/IMG_7982.JPG,1920,1280,LANDSCAPE,1.5,948637,397,NO,99,NORMAL,OK,OK
101,IMG_7983.JPG,KKN RA AL KAUTSAR/IMG_7983.JPG,1920,1280,LANDSCAPE,1.5,897881,10,YES,4,UNDEREXPOSED,OK,NEEDS_REVIEW
102,IMG_7984.JPG,KKN RA AL KAUTSAR/IMG_7984.JPG,1920,1280,LANDSCAPE,1.5,917337,456,NO,248,OVEREXPOSED,OK,NEEDS_REVIEW
103,IMG_7985.JPG,KKN RA AL KAUTSAR/IMG_7985.JPG,1920,1280,LANDSCAPE,1.5,945702,335,NO,193,NORMAL,OK,OK
104,IMG_7987.JPG,KKN RA AL KAUTSAR/IMG_7987.JPG,1920,1280,LANDSCAPE,1.5,1194016,313,NO,62,NORMAL,OK,OK
105,IMG_7988.JPG,KKN RA AL KAUTSAR/IMG_7988.JPG,1920,1280,LANDSCAPE,1.5,1128762,425,NO,244,OVEREXPOSED,OK,NEEDS_REVIEW
106,IMG_7989.JPG,KKN RA AL KAUTSAR/IMG_7989.JPG,1920,1280,LANDSCAPE,1.5,1102467,304,NO,21,UNDEREXPOSED,OK,NEEDS_REVIEW
107,IMG_7990.JPG,KKN RA AL KAUTSAR/IMG_7990.JPG,1920,1280,LANDSCAPE,1.5,1155422,430,NO,205,NORMAL,OK,OK
108,IMG_7991.JPG,KKN RA AL KAUTSAR/IMG_7991.JPG,1920,1280,LANDSCAPE,1.5,1135837,29,YES,171,NORMAL,OK,NEEDS_REVIEW
109,IMG_7992.JPG,KKN RA AL KAUTSAR/IMG_7992.JPG,1920,1280,LANDSCAPE,1.5,1097184,30,YES,225,OVEREXPOSED,OK,NEEDS_REVIEW
110,IMG_7993.JPG,KKN RA AL KAUTSAR/IMG_7993.JPG,1920,1280,LANDSCAPE,1.5,1095276,118,NO,201,NORMAL,OK,OK
111,IMG_7994.JPG,KKN RA AL KAUTSAR/IMG_7994.JPG,1920,1280,LANDSCAPE,1.5,995205,444,NO,146,NORMAL,OK,OK
112,IMG_7995.JPG,KKN RA AL KAUTSAR/IMG_7995.JPG,1920,1280,LANDSCAPE,1.5,1111323,409,NO,240,OVEREXPOSED,OK,NEEDS_REVIEW
113,IMG_7996.JPG,KKN RA AL KAUTSAR/IMG_7996.JPG,1920,1280,LANDSCAPE,1.5,1734234,10,YES,127,NORMAL,OK,NEEDS_REVIEW
114,IMG_7997.JPG,KKN RA AL KAUTSAR/IMG_7997.JPG,1920,1280,LANDSCAPE,1.5,1797316,247,NO,131,NORMAL,OK,OK
115,IMG_7998.JPG,KKN RA AL KAUTSAR/IMG_7998.JPG,1920,1280,LANDSCAPE,1.5,1580983,358,NO,11,UNDEREXPOSED,OK,NEEDS_REVIEW
116,IMG_7999.JPG,KKN RA AL KAUTSAR/IMG_7999.JPG,1920,1280,LANDSCAPE,1.5,1562269,397,NO,224,OVEREXPOSED,OK,NEEDS_REVIEW
117,IMG_8000.JPG,KKN RA AL KAUTSAR/IMG_8000.JPG,1920,1280,LANDSCAPE,1.5,1653291,288,NO,176,NORMAL,OK,OK
118,IMG_8001.JPG,KKN RA AL KAUTSAR/IMG_8001.JPG,1920,1280,LANDSCAPE,1.5,1675454,269,NO,124,NORMAL,OK,OK
119,IMG_8002.JPG,KKN RA AL KAUTSAR/IMG_8002.JPG,1920,1280,LANDSCAPE,1.5,1689869,474,NO,176,NORMAL,OK,OK
120,IMG_8003.JPG,KKN RA AL KAUTSAR/IMG_8003.JPG,1920,1280,LANDSCAPE,1.5,1700596,366,NO,9,UNDEREXPOSED,OK,NEEDS_REVIEW
121,IMG_8004.JPG,KKN RA AL KAUTSAR/IMG_8004.JPG,1920,1280,LANDSCAPE,1.5,1703761,18,YES,28,UNDEREXPOSED,OK,NEEDS_REVIEW
122,IMG_8005.JPG,KKN RA AL KAUTSAR/IMG_8005.JPG,1920,1280,LANDSCAPE,1.5,1709228,51,YES,18,UNDEREXPOSED,OK,NEEDS_REVIEW
123,IMG_8007.JPG,KKN RA AL KAUTSAR/IMG_8007.JPG,1920,1280,LANDSCAPE,1.5,978681,334,NO,151,NORMAL,OK,OK
124,IMG_8008.JPG,KKN RA AL KAUTSAR/IMG_8008.JPG,1920,1280,LANDSCAPE,1.5,977074,105,NO,47,NORMAL,OK,OK
125,IMG_8009.JPG,KKN RA AL KAUTSAR/IMG_8009.JPG,1920,1280,LANDSCAPE,1.5,1011032,246,NO,14,UNDEREXPOSED,OK,NEEDS_REVIEW
126,IMG_8010.JPG,KKN RA AL KAUTSAR/IMG_8010.JPG,1920,1280,LANDSCAPE,1.5,1034390,245,NO,126,NORMAL,OK,OK
127,IMG_8011.JPG,KKN RA AL KAUTSAR/IMG_8011.JPG,1920,1280,LANDSCAPE,1.5,1239837,266,NO,5,UNDEREXPOSED,OK,NEEDS_REVIEW
128,IMG_8012.JPG,KKN RA AL KAUTSAR/IMG_8012.JPG,1920,1280,LANDSCAPE,1.5,1119183,207,NO,141,NORMAL,OK,OK
129,IMG_8013.JPG,KKN RA AL KAUTSAR/IMG_8013.JPG,1920,1280,LANDSCAPE,1.5,1142766,24,YES,191,NORMAL,OK,NEEDS_REVIEW
130,IMG_8014.JPG,KKN RA AL KAUTSAR/IMG_8014.JPG,1920,1280,LANDSCAPE,1.5,1345445,309,NO,158,NORMAL,OK,OK
131,IMG_8015.JPG,KKN RA AL KAUTSAR/IMG_8015.JPG,1920,1280,LANDSCAPE,1.5,1061846,296,NO,212,NORMAL,OK,OK
132,IMG_8016.JPG,KKN RA AL KAUTSAR/IMG_8016.JPG,1920,1280,LANDSCAPE,1.5,1092134,306,NO,131,NORMAL,OK,OK
133,IMG_8017.JPG,KKN RA AL KAUTSAR/IMG_8017.JPG,1920,1280,LANDSCAPE,1.5,986875,229,NO,174,NORMAL,OK,OK
134,IMG_8018.JPG,KKN RA AL KAUTSAR/IMG_8018.JPG,1920,1280,LANDSCAPE,1.5,1478469,473,NO,168,NORMAL,OK,OK
135,IMG_8019.JPG,KKN RA AL KAUTSAR/IMG_8019.JPG,1920,1280,LANDSCAPE,1.5,1486303,283,NO,141,NORMAL,OK,OK
136,IMG_8020.JPG,KKN RA AL KAUTSAR/IMG_8020.JPG,1920,1280,LANDSCAPE,1.5,1624799,364,NO,3,UNDEREXPOSED,OK,NEEDS_REVIEW
137,IMG_8021.JPG,KKN RA AL KAUTSAR/IMG_8021.JPG,1920,1280,LANDSCAPE,1.5,1466952,33,YES,136,NORMAL,OK,NEEDS_REVIEW
138,IMG_8022.JPG,KKN RA AL KAUTSAR/IMG_8022.JPG,1920,1280,LANDSCAPE,1.5,1266383,209,NO,28,UNDEREXPOSED,OK,NEEDS_REVIEW
139,IMG_8023.JPG,KKN RA AL KAUTSAR/IMG_8023.JPG,1920,1280,LANDSCAPE,1.5,1308391,475,NO,59,NORMAL,OK,OK
140,IMG_8024.JPG,KKN RA AL KAUTSAR/IMG_8024.JPG,1920,1280,LANDSCAPE,1.5,1693990,494,NO,110,NORMAL,OK,OK
141,IMG_8025.JPG,KKN RA AL KAUTSAR/IMG_8025.JPG,1920,1280,LANDSCAPE,1.5,1231255,3,YES,65,NORMAL,OK,NEEDS_REVIEW
142,IMG_8026.JPG,KKN RA AL KAUTSAR/IMG_8026.JPG,1920,1280,LANDSCAPE,1.5,869182,62,YES,193,NORMAL,OK,NEEDS_REVIEW
143,IMG_8027.JPG,KKN RA AL KAUTSAR/IMG_8027.JPG,1920,1280,LANDSCAPE,1.5,1221098,231,NO,51,NORMAL,OK,OK
144,IMG_8028.JPG,KKN RA AL KAUTSAR/IMG_8028.JPG,1920,1280,LANDSCAPE,1.5,1301007,174,NO,133,NORMAL,OK,OK
145,IMG_8029.JPG,KKN RA AL KAUTSAR/IMG_8029.JPG,1920,1280,LANDSCAPE,1.5,1080372,81,YES,15,UNDEREXPOSED,OK,NEEDS_REVIEW
146,IMG_8030.JPG,KKN RA AL KAUTSAR/IMG_8030.JPG,1920,1280,LANDSCAPE,1.5,1266908,70,YES,74,NORMAL,OK,NEEDS_REVIEW
147,IMG_8031.JPG,KKN RA AL KAUTSAR/IMG_8031.JPG,1920,1280,LANDSCAPE,1.5,1352394,201,NO,16,UNDEREXPOSED,OK,NEEDS_REVIEW
148,IMG_8032.JPG,KKN RA AL KAUTSAR/IMG_8032.JPG,1920,1280,LANDSCAPE,1.5,912865,177,NO,80,NORMAL,OK,OK
149,IMG_8033.JPG,KKN RA AL KAUTSAR/IMG_8033.JPG,1920,1280,LANDSCAPE,1.5,921948,217,NO,14,UNDEREXPOSED,OK,NEEDS_REVIEW
150,IMG_8034.JPG,KKN RA AL KAUTSAR/IMG_8034.JPG,1920,1280,LANDSCAPE,1.5,947738,413,NO,78,NORMAL,OK,OK
151,IMG_8035.JPG,KKN RA AL KAUTSAR/IMG_8035.JPG,1920,1280,LANDSCAPE,1.5,825903,219,NO,235,OVEREXPOSED,OK,NEEDS_REVIEW
152,IMG_8036.JPG,KKN RA AL KAUTSAR/IMG_8036.JPG,1920,1280,LANDSCAPE,1.5,824966,141,NO,222,OVEREXPOSED,OK,NEEDS_REVIEW
153,IMG_8037.JPG,KKN RA AL KAUTSAR/IMG_8037.JPG,1920,1280,LANDSCAPE,1.5,1523155,223,NO,42,NORMAL,OK,OK
154,IMG_8038.JPG,KKN RA AL KAUTSAR/IMG_8038.JPG,1920,1280,LANDSCAPE,1.5,1432312,208,NO,111,NORMAL,OK,OK
155,IMG_8039.JPG,KKN RA AL KAUTSAR/IMG_8039.JPG,1920,1280,LANDSCAPE,1.5,1414822,9,YES,188,NORMAL,OK,NEEDS_REVIEW
156,IMG_8040.JPG,KKN RA AL KAUTSAR/IMG_8040.JPG,1920,1280,LANDSCAPE,1.5,1356778,118,NO,126,NORMAL,OK,OK
157,IMG_8041.JPG,KKN RA AL KAUTSAR/IMG_8041.JPG,1920,1280,LANDSCAPE,1.5,1362150,437,NO,173,NORMAL,OK,OK
158,IMG_8042.JPG,KKN RA AL KAUTSAR/IMG_8042.JPG,1920,1280,LANDSCAPE,1.5,1154780,343,NO,64,NORMAL,OK,OK
159,IMG_8043.JPG,KKN RA AL KAUTSAR/IMG_8043.JPG,1920,1280,LANDSCAPE,1.5,1430348,471,NO,21,UNDEREXPOSED,OK,NEEDS_REVIEW
160,IMG_8044.JPG,KKN RA AL KAUTSAR/IMG_8044.JPG,1920,1280,LANDSCAPE,1.5,1114595,485,NO,209,NORMAL,OK,OK
161,IMG_8045.JPG,KKN RA AL KAUTSAR/IMG_8045.JPG,1920,1280,LANDSCAPE,1.5,1332539,231,NO,178,NORMAL,OK,OK
162,IMG_8046.JPG,KKN RA AL KAUTSAR/IMG_8046.JPG,1920,1280,LANDSCAPE,1.5,1268635,73,YES,73,NORMAL,OK,NEEDS_REVIEW
163,IMG_8047.JPG,KKN RA AL KAUTSAR/IMG_8047.JPG,1920,1280,LANDSCAPE,1.5,1096183,385,NO,64,NORMAL,OK,OK
164,IMG_8048.JPG,KKN RA AL KAUTSAR/IMG_8048.JPG,1920,1280,LANDSCAPE,1.5,1013604,326,NO,114,NORMAL,OK,OK
165,IMG_8049.JPG,KKN RA AL KAUTSAR/IMG_8049.JPG,1920,1280,LANDSCAPE,1.5,1095598,217,NO,152,NORMAL,OK,OK
166,IMG_8050.JPG,KKN RA AL KAUTSAR/IMG_8050.JPG,1920,1280,LANDSCAPE,1.5,904261,479,NO,208,NORMAL,OK,OK
167,IMG_8051.JPG,KKN RA AL KAUTSAR/IMG_8051.JPG,1920,1280,LANDSCAPE,1.5,934986,106,NO,174,NORMAL,OK,OK
168,IMG_8052.JPG,KKN RA AL KAUTSAR/IMG_8052.JPG,1920,1280,LANDSCAPE,1.5,1054326,299,NO,13,UNDEREXPOSED,OK,NEEDS_REVIEW
169,IMG_8053.JPG,KKN RA AL KAUTSAR/IMG_8053.JPG,1920,1280,LANDSCAPE,1.5,916446,315,NO,243,OVEREXPOSED,OK,NEEDS_REVIEW
170,IMG_8054.JPG,KKN RA AL KAUTSAR/IMG_8054.JPG,1920,1280,LANDSCAPE,1.5,914200,129,NO,185,NORMAL,OK,OK
171,IMG_8055.JPG,KKN RA AL KAUTSAR/IMG_8055.JPG,1920,1280,LANDSCAPE,1.5,1738221,5,YES,103,NORMAL,OK,NEEDS_REVIEW
172,IMG_8056.JPG,KKN RA AL KAUTSAR/IMG_8056.JPG,1920,1280,LANDSCAPE,1.5,1723724,166,NO,235,OVEREXPOSED,OK,NEEDS_REVIEW
173,IMG_8263.JPG,KKN X TK TUNAS HARAPAN/TK TUNAS HARAPAN/IMG_8263.JPG,1920,1280,LANDSCAPE,1.5,573363,466,NO,210,NORMAL,OK,OK
174,IMG_8339.JPG,KKN X TK TUNAS HARAPAN/TK TUNAS HARAPAN/IMG_8339.JPG,1920,1280,LANDSCAPE,1.5,902795,361,NO,104,NORMAL,OK,OK
175,IMG_8354.JPG,KKN X TK TUNAS HARAPAN/TK TUNAS HARAPAN/IMG_8354.JPG,1920,1280,LANDSCAPE,1.5,997291,349,NO,242,OVEREXPOSED,OK,NEEDS_REVIEW
176,IMG_8355.JPG,KKN X TK TUNAS HARAPAN/TK TUNAS HARAPAN/IMG_8355.JPG,1920,1280,LANDSCAPE,1.5,1196080,202,NO,240,OVEREXPOSED,OK,NEEDS_REVIEW
177,IMG_8356.JPG,KKN X TK TUNAS HARAPAN/TK TUNAS HARAPAN/IMG_8356.JPG,1920,1280,LANDSCAPE,1.5,908788,93,YES,111,NORMAL,OK,NEEDS_REVIEW
178,IMG_8591.JPG,KOLASE KERTAS WARNA SD 010/IMG_8591.JPG,1920,1280,LANDSCAPE,1.5,1219787,347,NO,153,NORMAL,OK,OK
179,IMG_8592.JPG,KOLASE KERTAS WARNA SD 010/IMG_8592.JPG,1920,1280,LANDSCAPE,1.5,1110513,84,YES,202,NORMAL,OK,NEEDS_REVIEW
180,IMG_8593.JPG,KOLASE KERTAS WARNA SD 010/IMG_8593.JPG,1920,1280,LANDSCAPE,1.5,885627,196,NO,133,NORMAL,OK,OK
181,IMG_8594.JPG,KOLASE KERTAS WARNA SD 010/IMG_8594.JPG,1920,1280,LANDSCAPE,1.5,891772,278,NO,252,OVEREXPOSED,OK,NEEDS_REVIEW
182,IMG_8595.JPG,KOLASE KERTAS WARNA SD 010/IMG_8595.JPG,1920,1280,LANDSCAPE,1.5,1224446,371,NO,207,NORMAL,OK,OK
183,IMG_8596.JPG,KOLASE KERTAS WARNA SD 010/IMG_8596.JPG,1920,1280,LANDSCAPE,1.5,799826,483,NO,183,NORMAL,OK,OK
184,IMG_8597.JPG,KOLASE KERTAS WARNA SD 010/IMG_8597.JPG,1920,1280,LANDSCAPE,1.5,897017,257,NO,249,OVEREXPOSED,OK,NEEDS_REVIEW
185,IMG_8598.JPG,KOLASE KERTAS WARNA SD 010/IMG_8598.JPG,1920,1280,LANDSCAPE,1.5,980131,56,YES,254,OVEREXPOSED,OK,NEEDS_REVIEW
186,IMG_8599.JPG,KOLASE KERTAS WARNA SD 010/IMG_8599.JPG,1920,1280,LANDSCAPE,1.5,948919,87,YES,58,NORMAL,OK,NEEDS_REVIEW
187,IMG_8600.JPG,KOLASE KERTAS WARNA SD 010/IMG_8600.JPG,1920,1280,LANDSCAPE,1.5,861484,418,NO,50,NORMAL,OK,OK
188,IMG_8603.JPG,KOLASE KERTAS WARNA SD 010/IMG_8603.JPG,1920,1280,LANDSCAPE,1.5,864707,319,NO,49,NORMAL,OK,OK
189,IMG_8604.JPG,KOLASE KERTAS WARNA SD 010/IMG_8604.JPG,1920,1280,LANDSCAPE,1.5,1154697,262,NO,202,NORMAL,OK,OK
190,IMG_8605.JPG,KOLASE KERTAS WARNA SD 010/IMG_8605.JPG,1920,1280,LANDSCAPE,1.5,1034051,390,NO,20,UNDEREXPOSED,OK,NEEDS_REVIEW
191,IMG_8606.JPG,KOLASE KERTAS WARNA SD 010/IMG_8606.JPG,1920,1280,LANDSCAPE,1.5,1013625,163,NO,206,NORMAL,OK,OK
192,IMG_8607.JPG,KOLASE KERTAS WARNA SD 010/IMG_8607.JPG,1920,1280,LANDSCAPE,1.5,951515,316,NO,78,NORMAL,OK,OK
193,IMG_8608.JPG,KOLASE KERTAS WARNA SD 010/IMG_8608.JPG,1920,1280,LANDSCAPE,1.5,1008328,241,NO,60,NORMAL,OK,OK
194,IMG_8610.JPG,KOLASE KERTAS WARNA SD 010/IMG_8610.JPG,1920,1280,LANDSCAPE,1.5,875478,283,NO,130,NORMAL,OK,OK
195,IMG_8611.JPG,KOLASE KERTAS WARNA SD 010/IMG_8611.JPG,1920,1280,LANDSCAPE,1.5,1034892,134,NO,92,NORMAL,OK,OK
196,IMG_8616.JPG,KOLASE KERTAS WARNA SD 010/IMG_8616.JPG,1920,1280,LANDSCAPE,1.5,1405110,274,NO,221,OVEREXPOSED,OK,NEEDS_REVIEW
197,IMG_8617.JPG,KOLASE KERTAS WARNA SD 010/IMG_8617.JPG,1920,1280,LANDSCAPE,1.5,1094686,431,NO,145,NORMAL,OK,OK
198,IMG_8618.JPG,KOLASE KERTAS WARNA SD 010/IMG_8618.JPG,1920,1280,LANDSCAPE,1.5,1124784,173,NO,15,UNDEREXPOSED,OK,NEEDS_REVIEW
199,IMG_8619.JPG,KOLASE KERTAS WARNA SD 010/IMG_8619.JPG,1920,1280,LANDSCAPE,1.5,1063651,361,NO,222,OVEREXPOSED,OK,NEEDS_REVIEW
200,IMG_8620.JPG,KOLASE KERTAS WARNA SD 010/IMG_8620.JPG,1920,1280,LANDSCAPE,1.5,1159758,377,NO,5,UNDEREXPOSED,OK,NEEDS_REVIEW
201,IMG_8621.JPG,KOLASE KERTAS WARNA SD 010/IMG_8621.JPG,1920,1280,LANDSCAPE,1.5,1157219,472,NO,56,NORMAL,OK,OK
202,IMG_8622.JPG,KOLASE KERTAS WARNA SD 010/IMG_8622.JPG,1920,1280,LANDSCAPE,1.5,1028357,171,NO,25,UNDEREXPOSED,OK,NEEDS_REVIEW
203,IMG_8623.JPG,KOLASE KERTAS WARNA SD 010/IMG_8623.JPG,1920,1280,LANDSCAPE,1.5,1062204,358,NO,4,UNDEREXPOSED,OK,NEEDS_REVIEW
204,IMG_8624.JPG,KOLASE KERTAS WARNA SD 010/IMG_8624.JPG,1920,1280,LANDSCAPE,1.5,988114,60,YES,52,NORMAL,OK,NEEDS_REVIEW
205,IMG_8625.JPG,KOLASE KERTAS WARNA SD 010/IMG_8625.JPG,1920,1280,LANDSCAPE,1.5,1052503,45,YES,41,NORMAL,OK,NEEDS_REVIEW
206,IMG_8626.JPG,KOLASE KERTAS WARNA SD 010/IMG_8626.JPG,1920,1280,LANDSCAPE,1.5,1182542,239,NO,208,NORMAL,OK,OK
207,IMG_8627.JPG,KOLASE KERTAS WARNA SD 010/IMG_8627.JPG,1920,1280,LANDSCAPE,1.5,909352,23,YES,173,NORMAL,OK,NEEDS_REVIEW
208,IMG_8628.JPG,KOLASE KERTAS WARNA SD 010/IMG_8628.JPG,1920,1280,LANDSCAPE,1.5,989275,10,YES,73,NORMAL,OK,NEEDS_REVIEW
209,IMG_8629.JPG,KOLASE KERTAS WARNA SD 010/IMG_8629.JPG,1920,1280,LANDSCAPE,1.5,993946,423,NO,103,NORMAL,OK,OK
210,IMG_8631.JPG,KOLASE KERTAS WARNA SD 010/IMG_8631.JPG,1920,1280,LANDSCAPE,1.5,857323,400,NO,30,UNDEREXPOSED,OK,NEEDS_REVIEW
211,IMG_8632.JPG,KOLASE KERTAS WARNA SD 010/IMG_8632.JPG,1920,1280,LANDSCAPE,1.5,859559,129,NO,168,NORMAL,OK,OK
212,IMG_8633.JPG,KOLASE KERTAS WARNA SD 010/IMG_8633.JPG,1920,1280,LANDSCAPE,1.5,836635,424,NO,154,NORMAL,OK,OK
213,IMG_8634.JPG,KOLASE KERTAS WARNA SD 010/IMG_8634.JPG,1920,1280,LANDSCAPE,1.5,1053119,129,NO,174,NORMAL,OK,OK
214,IMG_8635.JPG,KOLASE KERTAS WARNA SD 010/IMG_8635.JPG,1920,1280,LANDSCAPE,1.5,982486,388,NO,176,NORMAL,OK,OK
215,IMG_8636.JPG,KOLASE KERTAS WARNA SD 010/IMG_8636.JPG,1920,1280,LANDSCAPE,1.5,1227691,36,YES,49,NORMAL,OK,NEEDS_REVIEW
216,IMG_8637.JPG,KOLASE KERTAS WARNA SD 010/IMG_8637.JPG,1920,1280,LANDSCAPE,1.5,1209403,41,YES,153,NORMAL,OK,NEEDS_REVIEW
217,IMG_8638.JPG,KOLASE KERTAS WARNA SD 010/IMG_8638.JPG,1920,1280,LANDSCAPE,1.5,1202289,75,YES,172,NORMAL,OK,NEEDS_REVIEW
218,IMG_8639.JPG,KOLASE KERTAS WARNA SD 010/IMG_8639.JPG,1920,1280,LANDSCAPE,1.5,1234113,85,YES,60,NORMAL,OK,NEEDS_REVIEW
219,IMG_8640.JPG,KOLASE KERTAS WARNA SD 010/IMG_8640.JPG,1920,1280,LANDSCAPE,1.5,1196230,263,NO,172,NORMAL,OK,OK
220,IMG_8641.JPG,KOLASE KERTAS WARNA SD 010/IMG_8641.JPG,1920,1280,LANDSCAPE,1.5,1335117,461,NO,183,NORMAL,OK,OK
221,IMG_8642.JPG,KOLASE KERTAS WARNA SD 010/IMG_8642.JPG,1920,1280,LANDSCAPE,1.5,1331908,2,YES,71,NORMAL,OK,NEEDS_REVIEW
222,IMG_8645.JPG,KOLASE KERTAS WARNA SD 010/IMG_8645.JPG,1920,1280,LANDSCAPE,1.5,840862,160,NO,218,NORMAL,OK,OK
223,IMG_8646.JPG,KOLASE KERTAS WARNA SD 010/IMG_8646.JPG,1920,1280,LANDSCAPE,1.5,1303221,287,NO,88,NORMAL,OK,OK
224,IMG_8647.JPG,KOLASE KERTAS WARNA SD 010/IMG_8647.JPG,1920,1280,LANDSCAPE,1.5,1353006,34,YES,66,NORMAL,OK,NEEDS_REVIEW
225,IMG_8648.JPG,KOLASE KERTAS WARNA SD 010/IMG_8648.JPG,1920,1280,LANDSCAPE,1.5,1373555,427,NO,103,NORMAL,OK,OK
226,IMG_8649.JPG,KOLASE KERTAS WARNA SD 010/IMG_8649.JPG,1920,1280,LANDSCAPE,1.5,969238,11,YES,178,NORMAL,OK,NEEDS_REVIEW
227,IMG_8650.JPG,KOLASE KERTAS WARNA SD 010/IMG_8650.JPG,1920,1280,LANDSCAPE,1.5,1362699,487,NO,78,NORMAL,OK,OK
228,IMG_8651.JPG,KOLASE KERTAS WARNA SD 010/IMG_8651.JPG,1920,1280,LANDSCAPE,1.5,1443740,259,NO,28,UNDEREXPOSED,OK,NEEDS_REVIEW
229,IMG_8652.JPG,KOLASE KERTAS WARNA SD 010/IMG_8652.JPG,1920,1280,LANDSCAPE,1.5,1454721,476,NO,35,UNDEREXPOSED,OK,NEEDS_REVIEW
230,IMG_8653.JPG,KOLASE KERTAS WARNA SD 010/IMG_8653.JPG,1920,1280,LANDSCAPE,1.5,1451744,236,NO,129,NORMAL,OK,OK
231,IMG_8654.JPG,KOLASE KERTAS WARNA SD 010/IMG_8654.JPG,1920,1280,LANDSCAPE,1.5,1423823,110,NO,158,NORMAL,OK,OK
232,IMG_8655.JPG,KOLASE KERTAS WARNA SD 010/IMG_8655.JPG,1920,1280,LANDSCAPE,1.5,1231980,290,NO,141,NORMAL,OK,OK
233,IMG_8656.JPG,KOLASE KERTAS WARNA SD 010/IMG_8656.JPG,1920,1280,LANDSCAPE,1.5,1255136,219,NO,77,NORMAL,OK,OK
234,IMG_8657.JPG,KOLASE KERTAS WARNA SD 010/IMG_8657.JPG,1920,1280,LANDSCAPE,1.5,1228725,334,NO,13,UNDEREXPOSED,OK,NEEDS_REVIEW
235,IMG_8658.JPG,KOLASE KERTAS WARNA SD 010/IMG_8658.JPG,1920,1280,LANDSCAPE,1.5,1481963,192,NO,36,UNDEREXPOSED,OK,NEEDS_REVIEW
236,IMG_8659.JPG,KOLASE KERTAS WARNA SD 010/IMG_8659.JPG,1920,1280,LANDSCAPE,1.5,1301195,220,NO,86,NORMAL,OK,OK
237,IMG_8660.JPG,KOLASE KERTAS WARNA SD 010/IMG_8660.JPG,1920,1280,LANDSCAPE,1.5,1330308,414,NO,84,NORMAL,OK,OK
238,IMG_8661.JPG,KOLASE KERTAS WARNA SD 010/IMG_8661.JPG,1920,1280,LANDSCAPE,1.5,1268066,331,NO,209,NORMAL,OK,OK
239,IMG_8662.JPG,KOLASE KERTAS WARNA SD 010/IMG_8662.JPG,1920,1280,LANDSCAPE,1.5,1296678,187,NO,96,NORMAL,OK,OK
240,IMG_8663.JPG,KOLASE KERTAS WARNA SD 010/IMG_8663.JPG,1920,1280,LANDSCAPE,1.5,1407035,455,NO,44,NORMAL,OK,OK
241,IMG_8664.JPG,KOLASE KERTAS WARNA SD 010/IMG_8664.JPG,1920,1280,LANDSCAPE,1.5,1286862,231,NO,210,NORMAL,OK,OK
242,IMG_8666.JPG,KOLASE KERTAS WARNA SD 010/IMG_8666.JPG,1920,1280,LANDSCAPE,1.5,1295554,102,NO,223,OVEREXPOSED,OK,NEEDS_REVIEW
243,IMG_8667.JPG,KOLASE KERTAS WARNA SD 010/IMG_8667.JPG,1920,1280,LANDSCAPE,1.5,1199159,472,NO,136,NORMAL,OK,OK
244,IMG_8669.JPG,KOLASE KERTAS WARNA SD 010/IMG_8669.JPG,1920,1280,LANDSCAPE,1.5,1279987,433,NO,43,NORMAL,OK,OK
245,IMG_8670.JPG,KOLASE KERTAS WARNA SD 010/IMG_8670.JPG,1920,1280,LANDSCAPE,1.5,1248534,50,YES,218,NORMAL,OK,NEEDS_REVIEW
246,IMG_8671.JPG,KOLASE KERTAS WARNA SD 010/IMG_8671.JPG,1920,1280,LANDSCAPE,1.5,1264543,478,NO,198,NORMAL,OK,OK
247,IMG_8672.JPG,KOLASE KERTAS WARNA SD 010/IMG_8672.JPG,1920,1280,LANDSCAPE,1.5,1307543,465,NO,187,NORMAL,OK,OK
248,IMG_8674.JPG,KOLASE KERTAS WARNA SD 010/IMG_8674.JPG,1920,1280,LANDSCAPE,1.5,1466295,326,NO,197,NORMAL,OK,OK
249,IMG_8675.JPG,KOLASE KERTAS WARNA SD 010/IMG_8675.JPG,1920,1280,LANDSCAPE,1.5,1199439,64,YES,144,NORMAL,OK,NEEDS_REVIEW
250,IMG_8676.JPG,KOLASE KERTAS WARNA SD 010/IMG_8676.JPG,1920,1280,LANDSCAPE,1.5,1216462,493,NO,105,NORMAL,OK,OK
251,IMG_8678.JPG,KOLASE KERTAS WARNA SD 010/IMG_8678.JPG,1920,1280,LANDSCAPE,1.5,1242231,103,NO,241,OVEREXPOSED,OK,NEEDS_REVIEW
252,IMG_8679.JPG,KOLASE KERTAS WARNA SD 010/IMG_8679.JPG,1920,1280,LANDSCAPE,1.5,1216745,92,YES,126,NORMAL,OK,NEEDS_REVIEW
253,IMG_8680.JPG,KOLASE KERTAS WARNA SD 010/IMG_8680.JPG,1920,1280,LANDSCAPE,1.5,1045192,133,NO,43,NORMAL,OK,OK
254,IMG_8681.JPG,KOLASE KERTAS WARNA SD 010/IMG_8681.JPG,1920,1280,LANDSCAPE,1.5,778015,435,NO,243,OVEREXPOSED,OK,NEEDS_REVIEW
255,IMG_8682.JPG,KOLASE KERTAS WARNA SD 010/IMG_8682.JPG,1920,1280,LANDSCAPE,1.5,894760,463,NO,113,NORMAL,OK,OK
256,IMG_8683.JPG,KOLASE KERTAS WARNA SD 010/IMG_8683.JPG,1920,1280,LANDSCAPE,1.5,1057079,142,NO,34,UNDEREXPOSED,OK,NEEDS_REVIEW
257,IMG_8684.JPG,KOLASE KERTAS WARNA SD 010/IMG_8684.JPG,1920,1280,LANDSCAPE,1.5,992816,336,NO,175,NORMAL,OK,OK
258,IMG_8686.JPG,KOLASE KERTAS WARNA SD 010/IMG_8686.JPG,1920,1280,LANDSCAPE,1.5,1077612,464,NO,98,NORMAL,OK,OK
259,IMG_8687.JPG,KOLASE KERTAS WARNA SD 010/IMG_8687.JPG,1920,1280,LANDSCAPE,1.5,1069658,469,NO,119,NORMAL,OK,OK
260,IMG_8688.JPG,KOLASE KERTAS WARNA SD 010/IMG_8688.JPG,1920,1280,LANDSCAPE,1.5,1028425,54,YES,128,NORMAL,OK,NEEDS_REVIEW
261,IMG_8689.JPG,KOLASE KERTAS WARNA SD 010/IMG_8689.JPG,1920,1280,LANDSCAPE,1.5,1160375,396,NO,30,UNDEREXPOSED,OK,NEEDS_REVIEW
262,IMG_8691.JPG,KOLASE KERTAS WARNA SD 010/IMG_8691.JPG,1920,1280,LANDSCAPE,1.5,1210692,426,NO,80,NORMAL,OK,OK
263,IMG_8692.JPG,KOLASE KERTAS WARNA SD 010/IMG_8692.JPG,1920,1280,LANDSCAPE,1.5,1061082,325,NO,167,NORMAL,OK,OK
264,IMG_8694.JPG,KOLASE KERTAS WARNA SD 010/IMG_8694.JPG,1920,1280,LANDSCAPE,1.5,1097946,241,NO,193,NORMAL,OK,OK
265,IMG_8695.JPG,KOLASE KERTAS WARNA SD 010/IMG_8695.JPG,1920,1280,LANDSCAPE,1.5,1313943,88,YES,87,NORMAL,OK,NEEDS_REVIEW
266,IMG_8696.JPG,KOLASE KERTAS WARNA SD 010/IMG_8696.JPG,1920,1280,LANDSCAPE,1.5,1360240,434,NO,187,NORMAL,OK,OK
267,IMG_8698.JPG,KOLASE KERTAS WARNA SD 010/IMG_8698.JPG,1920,1280,LANDSCAPE,1.5,1257974,138,NO,130,NORMAL,OK,OK
268,IMG_8699.JPG,KOLASE KERTAS WARNA SD 010/IMG_8699.JPG,1920,1280,LANDSCAPE,1.5,1307069,70,YES,207,NORMAL,OK,NEEDS_REVIEW
269,IMG_8701.JPG,KOLASE KERTAS WARNA SD 010/IMG_8701.JPG,1920,1280,LANDSCAPE,1.5,1342266,144,NO,84,NORMAL,OK,OK
270,IMG_8702.JPG,KOLASE KERTAS WARNA SD 010/IMG_8702.JPG,1920,1280,LANDSCAPE,1.5,1237060,52,YES,5,UNDEREXPOSED,OK,NEEDS_REVIEW
271,IMG_8703.JPG,KOLASE KERTAS WARNA SD 010/IMG_8703.JPG,1920,1280,LANDSCAPE,1.5,1246307,19,YES,37,UNDEREXPOSED,OK,NEEDS_REVIEW
272,IMG_8704.JPG,KOLASE KERTAS WARNA SD 010/IMG_8704.JPG,1920,1280,LANDSCAPE,1.5,1242327,255,NO,70,NORMAL,OK,OK
273,IMG_8707.JPG,KOLASE KERTAS WARNA SD 010/IMG_8707.JPG,1920,1280,LANDSCAPE,1.5,1279576,293,NO,36,UNDEREXPOSED,OK,NEEDS_REVIEW
274,IMG_8708.JPG,KOLASE KERTAS WARNA SD 010/IMG_8708.JPG,1920,1280,LANDSCAPE,1.5,1358229,216,NO,25,UNDEREXPOSED,OK,NEEDS_REVIEW
275,IMG_8709.JPG,KOLASE KERTAS WARNA SD 010/IMG_8709.JPG,1920,1280,LANDSCAPE,1.5,1284830,395,NO,38,UNDEREXPOSED,OK,NEEDS_REVIEW
276,IMG_8710.JPG,KOLASE KERTAS WARNA SD 010/IMG_8710.JPG,1920,1280,LANDSCAPE,1.5,1268085,166,NO,92,NORMAL,OK,OK
277,IMG_8711.JPG,KOLASE KERTAS WARNA SD 010/IMG_8711.JPG,1920,1280,LANDSCAPE,1.5,1831808,296,NO,196,NORMAL,OK,OK
278,IMG_8712.JPG,KOLASE KERTAS WARNA SD 010/IMG_8712.JPG,1920,1280,LANDSCAPE,1.5,777162,117,NO,52,NORMAL,OK,OK
279,IMG_8713.JPG,KOLASE KERTAS WARNA SD 010/IMG_8713.JPG,1920,1280,LANDSCAPE,1.5,989222,68,YES,231,OVEREXPOSED,OK,NEEDS_REVIEW
280,IMG_8714.JPG,KOLASE KERTAS WARNA SD 010/IMG_8714.JPG,1920,1280,LANDSCAPE,1.5,808721,438,NO,121,NORMAL,OK,OK
281,IMG_8715.JPG,KOLASE KERTAS WARNA SD 010/IMG_8715.JPG,1920,1280,LANDSCAPE,1.5,938360,162,NO,76,NORMAL,OK,OK
282,IMG_8716.JPG,KOLASE KERTAS WARNA SD 010/IMG_8716.JPG,1920,1280,LANDSCAPE,1.5,710914,209,NO,195,NORMAL,OK,OK
283,IMG_8721.JPG,KOLASE KERTAS WARNA SD 010/IMG_8721.JPG,1920,1280,LANDSCAPE,1.5,1126367,260,NO,129,NORMAL,OK,OK
284,IMG_8722.JPG,KOLASE KERTAS WARNA SD 010/IMG_8722.JPG,1920,1280,LANDSCAPE,1.5,1088391,160,NO,175,NORMAL,OK,OK
285,IMG_8437.JPG,KOLASE SAMPAH PLASTIK 008/IMG_8437.JPG,1920,1280,LANDSCAPE,1.5,1073750,294,NO,85,NORMAL,OK,OK
286,IMG_8438.JPG,KOLASE SAMPAH PLASTIK 008/IMG_8438.JPG,1920,1280,LANDSCAPE,1.5,1089921,221,NO,244,OVEREXPOSED,OK,NEEDS_REVIEW
287,IMG_8439.JPG,KOLASE SAMPAH PLASTIK 008/IMG_8439.JPG,1920,1280,LANDSCAPE,1.5,1095358,305,NO,69,NORMAL,OK,OK
288,IMG_8440.JPG,KOLASE SAMPAH PLASTIK 008/IMG_8440.JPG,1920,1280,LANDSCAPE,1.5,1080908,333,NO,116,NORMAL,OK,OK
289,IMG_8441.JPG,KOLASE SAMPAH PLASTIK 008/IMG_8441.JPG,1920,1280,LANDSCAPE,1.5,1174245,449,NO,228,OVEREXPOSED,OK,NEEDS_REVIEW
290,IMG_8442.JPG,KOLASE SAMPAH PLASTIK 008/IMG_8442.JPG,1920,1280,LANDSCAPE,1.5,1096284,83,YES,221,OVEREXPOSED,OK,NEEDS_REVIEW
291,IMG_8443.JPG,KOLASE SAMPAH PLASTIK 008/IMG_8443.JPG,1920,1280,LANDSCAPE,1.5,1051257,305,NO,219,NORMAL,OK,OK
292,IMG_8444.JPG,KOLASE SAMPAH PLASTIK 008/IMG_8444.JPG,1920,1280,LANDSCAPE,1.5,1112738,419,NO,73,NORMAL,OK,OK
293,IMG_8446.JPG,KOLASE SAMPAH PLASTIK 008/IMG_8446.JPG,1920,1280,LANDSCAPE,1.5,1145971,111,NO,58,NORMAL,OK,OK
294,IMG_8449.JPG,KOLASE SAMPAH PLASTIK 008/IMG_8449.JPG,1920,1280,LANDSCAPE,1.5,1675035,324,NO,42,NORMAL,OK,OK
295,IMG_8450.JPG,KOLASE SAMPAH PLASTIK 008/IMG_8450.JPG,1920,1280,LANDSCAPE,1.5,1076691,111,NO,83,NORMAL,OK,OK
296,IMG_8451.JPG,KOLASE SAMPAH PLASTIK 008/IMG_8451.JPG,1920,1280,LANDSCAPE,1.5,951295,206,NO,41,NORMAL,OK,OK
297,IMG_8452.JPG,KOLASE SAMPAH PLASTIK 008/IMG_8452.JPG,1920,1280,LANDSCAPE,1.5,1291962,477,NO,12,UNDEREXPOSED,OK,NEEDS_REVIEW
298,IMG_8453.JPG,KOLASE SAMPAH PLASTIK 008/IMG_8453.JPG,1920,1280,LANDSCAPE,1.5,938814,232,NO,7,UNDEREXPOSED,OK,NEEDS_REVIEW
299,IMG_8454.JPG,KOLASE SAMPAH PLASTIK 008/IMG_8454.JPG,1920,1280,LANDSCAPE,1.5,956554,21,YES,153,NORMAL,OK,NEEDS_REVIEW
300,IMG_8456.JPG,KOLASE SAMPAH PLASTIK 008/IMG_8456.JPG,1920,1280,LANDSCAPE,1.5,1042743,388,NO,201,NORMAL,OK,OK
301,IMG_8458.JPG,KOLASE SAMPAH PLASTIK 008/IMG_8458.JPG,1920,1280,LANDSCAPE,1.5,912021,344,NO,7,UNDEREXPOSED,OK,NEEDS_REVIEW
302,IMG_8459.JPG,KOLASE SAMPAH PLASTIK 008/IMG_8459.JPG,1920,1280,LANDSCAPE,1.5,1271257,406,NO,247,OVEREXPOSED,OK,NEEDS_REVIEW
303,IMG_8460.JPG,KOLASE SAMPAH PLASTIK 008/IMG_8460.JPG,1920,1280,LANDSCAPE,1.5,1287528,248,NO,136,NORMAL,OK,OK
304,IMG_8462.JPG,KOLASE SAMPAH PLASTIK 008/IMG_8462.JPG,1920,1280,LANDSCAPE,1.5,1188118,0,YES,94,NORMAL,OK,NEEDS_REVIEW
305,IMG_8467.JPG,KOLASE SAMPAH PLASTIK 008/IMG_8467.JPG,1920,1280,LANDSCAPE,1.5,1290137,336,NO,75,NORMAL,OK,OK
306,IMG_8468.JPG,KOLASE SAMPAH PLASTIK 008/IMG_8468.JPG,1920,1280,LANDSCAPE,1.5,1341324,199,NO,153,NORMAL,OK,OK
307,IMG_8470.JPG,KOLASE SAMPAH PLASTIK 008/IMG_8470.JPG,1920,1280,LANDSCAPE,1.5,980589,87,YES,103,NORMAL,OK,NEEDS_REVIEW
308,IMG_8471.JPG,KOLASE SAMPAH PLASTIK 008/IMG_8471.JPG,1920,1280,LANDSCAPE,1.5,1129485,204,NO,246,OVEREXPOSED,OK,NEEDS_REVIEW
309,IMG_8475.JPG,KOLASE SAMPAH PLASTIK 008/IMG_8475.JPG,1920,1280,LANDSCAPE,1.5,1211059,170,NO,91,NORMAL,OK,OK
310,IMG_8477.JPG,KOLASE SAMPAH PLASTIK 008/IMG_8477.JPG,1920,1280,LANDSCAPE,1.5,1261900,341,NO,196,NORMAL,OK,OK
311,IMG_8478.JPG,KOLASE SAMPAH PLASTIK 008/IMG_8478.JPG,1920,1280,LANDSCAPE,1.5,827070,264,NO,187,NORMAL,OK,OK
312,IMG_8479.JPG,KOLASE SAMPAH PLASTIK 008/IMG_8479.JPG,1920,1280,LANDSCAPE,1.5,963192,60,YES,85,NORMAL,OK,NEEDS_REVIEW
313,IMG_8481.JPG,KOLASE SAMPAH PLASTIK 008/IMG_8481.JPG,1920,1280,LANDSCAPE,1.5,1126801,343,NO,139,NORMAL,OK,OK
314,IMG_8482.JPG,KOLASE SAMPAH PLASTIK 008/IMG_8482.JPG,1920,1280,LANDSCAPE,1.5,1238037,449,NO,242,OVEREXPOSED,OK,NEEDS_REVIEW
315,IMG_8484.JPG,KOLASE SAMPAH PLASTIK 008/IMG_8484.JPG,1920,1280,LANDSCAPE,1.5,904727,347,NO,244,OVEREXPOSED,OK,NEEDS_REVIEW
316,IMG_8485.JPG,KOLASE SAMPAH PLASTIK 008/IMG_8485.JPG,1920,1280,LANDSCAPE,1.5,923829,254,NO,127,NORMAL,OK,OK
317,IMG_8486.JPG,KOLASE SAMPAH PLASTIK 008/IMG_8486.JPG,1920,1280,LANDSCAPE,1.5,1109167,378,NO,13,UNDEREXPOSED,OK,NEEDS_REVIEW
318,IMG_8487.JPG,KOLASE SAMPAH PLASTIK 008/IMG_8487.JPG,1920,1280,LANDSCAPE,1.5,788796,39,YES,88,NORMAL,OK,NEEDS_REVIEW
319,IMG_8488.JPG,KOLASE SAMPAH PLASTIK 008/IMG_8488.JPG,1920,1280,LANDSCAPE,1.5,801104,203,NO,162,NORMAL,OK,OK
320,IMG_8491.JPG,KOLASE SAMPAH PLASTIK 008/IMG_8491.JPG,1920,1280,LANDSCAPE,1.5,680789,443,NO,144,NORMAL,OK,OK
321,IMG_8492.JPG,KOLASE SAMPAH PLASTIK 008/IMG_8492.JPG,1920,1280,LANDSCAPE,1.5,750328,187,NO,149,NORMAL,OK,OK
322,IMG_8493.JPG,KOLASE SAMPAH PLASTIK 008/IMG_8493.JPG,1920,1280,LANDSCAPE,1.5,871583,82,YES,118,NORMAL,OK,NEEDS_REVIEW
323,IMG_8495.JPG,KOLASE SAMPAH PLASTIK 008/IMG_8495.JPG,1920,1280,LANDSCAPE,1.5,885481,392,NO,182,NORMAL,OK,OK
324,IMG_8496.JPG,KOLASE SAMPAH PLASTIK 008/IMG_8496.JPG,1920,1280,LANDSCAPE,1.5,1050820,177,NO,240,OVEREXPOSED,OK,NEEDS_REVIEW
325,IMG_8497.JPG,KOLASE SAMPAH PLASTIK 008/IMG_8497.JPG,1920,1280,LANDSCAPE,1.5,920399,489,NO,137,NORMAL,OK,OK
326,IMG_8498.JPG,KOLASE SAMPAH PLASTIK 008/IMG_8498.JPG,1920,1280,LANDSCAPE,1.5,924952,119,NO,124,NORMAL,OK,OK
327,IMG_8499.JPG,KOLASE SAMPAH PLASTIK 008/IMG_8499.JPG,1920,1280,LANDSCAPE,1.5,1006591,218,NO,56,NORMAL,OK,OK
328,IMG_8500.JPG,KOLASE SAMPAH PLASTIK 008/IMG_8500.JPG,1920,1280,LANDSCAPE,1.5,1173378,118,NO,61,NORMAL,OK,OK
329,IMG_8501.JPG,KOLASE SAMPAH PLASTIK 008/IMG_8501.JPG,1920,1280,LANDSCAPE,1.5,1201846,257,NO,17,UNDEREXPOSED,OK,NEEDS_REVIEW
330,IMG_8504.JPG,KOLASE SAMPAH PLASTIK 008/IMG_8504.JPG,1920,1280,LANDSCAPE,1.5,1006895,361,NO,57,NORMAL,OK,OK
331,IMG_8507.JPG,KOLASE SAMPAH PLASTIK 008/IMG_8507.JPG,1920,1280,LANDSCAPE,1.5,1233457,0,YES,124,NORMAL,OK,NEEDS_REVIEW
332,IMG_8508.JPG,KOLASE SAMPAH PLASTIK 008/IMG_8508.JPG,1920,1280,LANDSCAPE,1.5,814406,398,NO,171,NORMAL,OK,OK
333,IMG_8509.JPG,KOLASE SAMPAH PLASTIK 008/IMG_8509.JPG,1920,1280,LANDSCAPE,1.5,858989,271,NO,40,NORMAL,OK,OK
334,IMG_8510.JPG,KOLASE SAMPAH PLASTIK 008/IMG_8510.JPG,1920,1280,LANDSCAPE,1.5,833867,452,NO,231,OVEREXPOSED,OK,NEEDS_REVIEW
335,IMG_8511.JPG,KOLASE SAMPAH PLASTIK 008/IMG_8511.JPG,1920,1280,LANDSCAPE,1.5,848922,10,YES,78,NORMAL,OK,NEEDS_REVIEW
336,IMG_8514.JPG,KOLASE SAMPAH PLASTIK 008/IMG_8514.JPG,1920,1280,LANDSCAPE,1.5,873304,179,NO,104,NORMAL,OK,OK
337,IMG_8515.JPG,KOLASE SAMPAH PLASTIK 008/IMG_8515.JPG,1920,1280,LANDSCAPE,1.5,694875,453,NO,179,NORMAL,OK,OK
338,IMG_8519.JPG,KOLASE SAMPAH PLASTIK 008/IMG_8519.JPG,1920,1280,LANDSCAPE,1.5,899176,202,NO,10,UNDEREXPOSED,OK,NEEDS_REVIEW
339,IMG_8521.JPG,KOLASE SAMPAH PLASTIK 008/IMG_8521.JPG,1920,1280,LANDSCAPE,1.5,863254,57,YES,140,NORMAL,OK,NEEDS_REVIEW
340,IMG_8522.JPG,KOLASE SAMPAH PLASTIK 008/IMG_8522.JPG,1920,1280,LANDSCAPE,1.5,930913,305,NO,179,NORMAL,OK,OK
341,IMG_8523.JPG,KOLASE SAMPAH PLASTIK 008/IMG_8523.JPG,1920,1280,LANDSCAPE,1.5,1114593,168,NO,215,NORMAL,OK,OK
342,IMG_8526.JPG,KOLASE SAMPAH PLASTIK 008/IMG_8526.JPG,1920,1280,LANDSCAPE,1.5,830305,375,NO,206,NORMAL,OK,OK
343,IMG_8527.JPG,KOLASE SAMPAH PLASTIK 008/IMG_8527.JPG,1920,1280,LANDSCAPE,1.5,790312,372,NO,237,OVEREXPOSED,OK,NEEDS_REVIEW
344,IMG_8528.JPG,KOLASE SAMPAH PLASTIK 008/IMG_8528.JPG,1920,1280,LANDSCAPE,1.5,764216,78,YES,240,OVEREXPOSED,OK,NEEDS_REVIEW
345,IMG_8529.JPG,KOLASE SAMPAH PLASTIK 008/IMG_8529.JPG,1920,1280,LANDSCAPE,1.5,943124,406,NO,135,NORMAL,OK,OK
346,IMG_8531.JPG,KOLASE SAMPAH PLASTIK 008/IMG_8531.JPG,1920,1280,LANDSCAPE,1.5,1272505,21,YES,208,NORMAL,OK,NEEDS_REVIEW
347,IMG_8532.JPG,KOLASE SAMPAH PLASTIK 008/IMG_8532.JPG,1920,1280,LANDSCAPE,1.5,1471795,462,NO,140,NORMAL,OK,OK
348,IMG_8537.JPG,KOLASE SAMPAH PLASTIK 008/IMG_8537.JPG,1920,1280,LANDSCAPE,1.5,754238,290,NO,205,NORMAL,OK,OK
349,IMG_8538.JPG,KOLASE SAMPAH PLASTIK 008/IMG_8538.JPG,1920,1280,LANDSCAPE,1.5,752745,128,NO,196,NORMAL,OK,OK
350,IMG_8545.JPG,KOLASE SAMPAH PLASTIK 008/IMG_8545.JPG,1920,1280,LANDSCAPE,1.5,889386,26,YES,173,NORMAL,OK,NEEDS_REVIEW
351,IMG_8546.JPG,KOLASE SAMPAH PLASTIK 008/IMG_8546.JPG,1920,1280,LANDSCAPE,1.5,916524,59,YES,225,OVEREXPOSED,OK,NEEDS_REVIEW
352,IMG_8547.JPG,KOLASE SAMPAH PLASTIK 008/IMG_8547.JPG,1920,1280,LANDSCAPE,1.5,1051951,393,NO,98,NORMAL,OK,OK
353,IMG_8548.JPG,KOLASE SAMPAH PLASTIK 008/IMG_8548.JPG,1920,1280,LANDSCAPE,1.5,1039109,458,NO,76,NORMAL,OK,OK
354,IMG_8549.JPG,KOLASE SAMPAH PLASTIK 008/IMG_8549.JPG,1920,1280,LANDSCAPE,1.5,959915,327,NO,16,UNDEREXPOSED,OK,NEEDS_REVIEW
355,IMG_8550.JPG,KOLASE SAMPAH PLASTIK 008/IMG_8550.JPG,1920,1280,LANDSCAPE,1.5,983482,51,YES,69,NORMAL,OK,NEEDS_REVIEW
356,IMG_8551.JPG,KOLASE SAMPAH PLASTIK 008/IMG_8551.JPG,1920,1280,LANDSCAPE,1.5,1117165,282,NO,132,NORMAL,OK,OK
357,IMG_8552.JPG,KOLASE SAMPAH PLASTIK 008/IMG_8552.JPG,1920,1280,LANDSCAPE,1.5,1011476,2,YES,21,UNDEREXPOSED,OK,NEEDS_REVIEW
358,IMG_8553.JPG,KOLASE SAMPAH PLASTIK 008/IMG_8553.JPG,1920,1280,LANDSCAPE,1.5,970569,208,NO,164,NORMAL,OK,OK
359,IMG_8554.JPG,KOLASE SAMPAH PLASTIK 008/IMG_8554.JPG,1920,1280,LANDSCAPE,1.5,952676,392,NO,152,NORMAL,OK,OK
360,IMG_8561.JPG,KOLASE SAMPAH PLASTIK 008/IMG_8561.JPG,1920,1280,LANDSCAPE,1.5,961101,381,NO,254,OVEREXPOSED,OK,NEEDS_REVIEW
361,IMG_8562.JPG,KOLASE SAMPAH PLASTIK 008/IMG_8562.JPG,1920,1280,LANDSCAPE,1.5,1013603,254,NO,86,NORMAL,OK,OK
362,IMG_8563.JPG,KOLASE SAMPAH PLASTIK 008/IMG_8563.JPG,1920,1280,LANDSCAPE,1.5,804320,359,NO,182,NORMAL,OK,OK
363,IMG_8565.JPG,KOLASE SAMPAH PLASTIK 008/IMG_8565.JPG,1920,1280,LANDSCAPE,1.5,980732,108,NO,90,NORMAL,OK,OK
364,IMG_8567.JPG,KOLASE SAMPAH PLASTIK 008/IMG_8567.JPG,1920,1280,LANDSCAPE,1.5,1164663,109,NO,222,OVEREXPOSED,OK,NEEDS_REVIEW
365,IMG_8568.JPG,KOLASE SAMPAH PLASTIK 008/IMG_8568.JPG,1920,1280,LANDSCAPE,1.5,1351049,84,YES,123,NORMAL,OK,NEEDS_REVIEW
366,IMG_8569.JPG,KOLASE SAMPAH PLASTIK 008/IMG_8569.JPG,1920,1280,LANDSCAPE,1.5,761200,288,NO,115,NORMAL,OK,OK
367,IMG_8570.JPG,KOLASE SAMPAH PLASTIK 008/IMG_8570.JPG,1920,1280,LANDSCAPE,1.5,1047942,146,NO,253,OVEREXPOSED,OK,NEEDS_REVIEW
368,IMG_8571.JPG,KOLASE SAMPAH PLASTIK 008/IMG_8571.JPG,1920,1280,LANDSCAPE,1.5,1259766,421,NO,194,NORMAL,OK,OK
369,IMG_8572.JPG,KOLASE SAMPAH PLASTIK 008/IMG_8572.JPG,1920,1280,LANDSCAPE,1.5,1076833,108,NO,90,NORMAL,OK,OK
370,IMG_8574.JPG,KOLASE SAMPAH PLASTIK 008/IMG_8574.JPG,1920,1280,LANDSCAPE,1.5,934885,456,NO,30,UNDEREXPOSED,OK,NEEDS_REVIEW
371,IMG_8575.JPG,KOLASE SAMPAH PLASTIK 008/IMG_8575.JPG,1920,1280,LANDSCAPE,1.5,1133465,156,NO,180,NORMAL,OK,OK
372,IMG_8576.JPG,KOLASE SAMPAH PLASTIK 008/IMG_8576.JPG,1920,1280,LANDSCAPE,1.5,848331,54,YES,130,NORMAL,OK,NEEDS_REVIEW
373,IMG_8577.JPG,KOLASE SAMPAH PLASTIK 008/IMG_8577.JPG,1920,1280,LANDSCAPE,1.5,1202937,288,NO,4,UNDEREXPOSED,OK,NEEDS_REVIEW
374,IMG_8578.JPG,KOLASE SAMPAH PLASTIK 008/IMG_8578.JPG,1920,1280,LANDSCAPE,1.5,1440581,484,NO,233,OVEREXPOSED,OK,NEEDS_REVIEW
375,IMG_8579.JPG,KOLASE SAMPAH PLASTIK 008/IMG_8579.JPG,1920,1280,LANDSCAPE,1.5,1324758,15,YES,84,NORMAL,OK,NEEDS_REVIEW
376,IMG_8580.JPG,KOLASE SAMPAH PLASTIK 008/IMG_8580.JPG,1920,1280,LANDSCAPE,1.5,1180262,192,NO,67,NORMAL,OK,OK
377,IMG_8582.JPG,KOLASE SAMPAH PLASTIK 008/IMG_8582.JPG,1920,1280,LANDSCAPE,1.5,727105,495,NO,138,NORMAL,OK,OK
378,IMG_8584.JPG,KOLASE SAMPAH PLASTIK 008/IMG_8584.JPG,1920,1280,LANDSCAPE,1.5,982013,333,NO,4,UNDEREXPOSED,OK,NEEDS_REVIEW
379,IMG_8585.JPG,KOLASE SAMPAH PLASTIK 008/IMG_8585.JPG,1920,1280,LANDSCAPE,1.5,943241,393,NO,122,NORMAL,OK,OK
380,IMG_8586.JPG,KOLASE SAMPAH PLASTIK 008/IMG_8586.JPG,1920,1280,LANDSCAPE,1.5,1161565,480,NO,227,OVEREXPOSED,OK,NEEDS_REVIEW
381,IMG_8587.JPG,KOLASE SAMPAH PLASTIK 008/IMG_8587.JPG,1920,1280,LANDSCAPE,1.5,1072207,109,NO,26,UNDEREXPOSED,OK,NEEDS_REVIEW
382,IMG_8588.JPG,KOLASE SAMPAH PLASTIK 008/IMG_8588.JPG,1920,1280,LANDSCAPE,1.5,1208997,423,NO,7,UNDEREXPOSED,OK,NEEDS_REVIEW
383,IMG_8589.JPG,KOLASE SAMPAH PLASTIK 008/IMG_8589.JPG,1920,1280,LANDSCAPE,1.5,1135448,224,NO,16,UNDEREXPOSED,OK,NEEDS_REVIEW
384,IMG_8590.JPG,KOLASE SAMPAH PLASTIK 008/IMG_8590.JPG,1920,1280,LANDSCAPE,1.5,1145984,434,NO,125,NORMAL,OK,OK
385,IMG_8361.JPG,NGAJAR SMPN/NGAJAR SMP/IMG_8361.JPG,1920,1280,LANDSCAPE,1.5,879765,426,NO,178,NORMAL,OK,OK
386,IMG_8363.JPG,NGAJAR SMPN/NGAJAR SMP/IMG_8363.JPG,1920,1280,LANDSCAPE,1.5,1059492,285,NO,8,UNDEREXPOSED,OK,NEEDS_REVIEW
387,IMG_8364.JPG,NGAJAR SMPN/NGAJAR SMP/IMG_8364.JPG,1920,1280,LANDSCAPE,1.5,1078136,237,NO,237,OVEREXPOSED,OK,NEEDS_REVIEW
388,IMG_8365.JPG,NGAJAR SMPN/NGAJAR SMP/IMG_8365.JPG,1920,1280,LANDSCAPE,1.5,1428104,380,NO,120,NORMAL,OK,OK
389,IMG_8369.JPG,NGAJAR SMPN/NGAJAR SMP/IMG_8369.JPG,1920,1280,LANDSCAPE,1.5,1124841,433,NO,226,OVEREXPOSED,OK,NEEDS_REVIEW
390,IMG_8377.JPG,NGAJAR SMPN/NGAJAR SMP/IMG_8377.JPG,1920,1280,LANDSCAPE,1.5,903873,339,NO,182,NORMAL,OK,OK
391,IMG_8378.JPG,NGAJAR SMPN/NGAJAR SMP/IMG_8378.JPG,1920,1280,LANDSCAPE,1.5,799389,265,NO,116,NORMAL,OK,OK
392,IMG_8384.JPG,NGAJAR SMPN/NGAJAR SMP/IMG_8384.JPG,1920,1280,LANDSCAPE,1.5,1033632,388,NO,15,UNDEREXPOSED,OK,NEEDS_REVIEW
393,IMG_8386.JPG,NGAJAR SMPN/NGAJAR SMP/IMG_8386.JPG,1920,1280,LANDSCAPE,1.5,931740,432,NO,214,NORMAL,OK,OK
394,IMG_8390.JPG,NGAJAR SMPN/NGAJAR SMP/IMG_8390.JPG,1920,1280,LANDSCAPE,1.5,820671,434,NO,120,NORMAL,OK,OK
395,IMG_8392.JPG,NGAJAR SMPN/NGAJAR SMP/IMG_8392.JPG,1920,1280,LANDSCAPE,1.5,857318,39,YES,84,NORMAL,OK,NEEDS_REVIEW
396,IMG_8399.JPG,NGAJAR SMPN/NGAJAR SMP/IMG_8399.JPG,1920,1280,LANDSCAPE,1.5,881311,337,NO,111,NORMAL,OK,OK
397,IMG_8400.JPG,NGAJAR SMPN/NGAJAR SMP/IMG_8400.JPG,1920,1280,LANDSCAPE,1.5,979212,188,NO,103,NORMAL,OK,OK
398,IMG_8401.JPG,NGAJAR SMPN/NGAJAR SMP/IMG_8401.JPG,1920,1280,LANDSCAPE,1.5,988236,80,YES,234,OVEREXPOSED,OK,NEEDS_REVIEW
399,IMG_8402.JPG,NGAJAR SMPN/NGAJAR SMP/IMG_8402.JPG,1920,1280,LANDSCAPE,1.5,942571,20,YES,199,NORMAL,OK,NEEDS_REVIEW
400,IMG_8404.JPG,NGAJAR SMPN/NGAJAR SMP/IMG_8404.JPG,1920,1280,LANDSCAPE,1.5,875069,347,NO,233,OVEREXPOSED,OK,NEEDS_REVIEW
401,IMG_8405.JPG,NGAJAR SMPN/NGAJAR SMP/IMG_8405.JPG,1920,1280,LANDSCAPE,1.5,912910,372,NO,184,NORMAL,OK,OK
402,IMG_8406.JPG,NGAJAR SMPN/NGAJAR SMP/IMG_8406.JPG,1920,1280,LANDSCAPE,1.5,987811,343,NO,42,NORMAL,OK,OK
403,IMG_8408.JPG,NGAJAR SMPN/NGAJAR SMP/IMG_8408.JPG,1920,1280,LANDSCAPE,1.5,866816,36,YES,74,NORMAL,OK,NEEDS_REVIEW
404,IMG_8409.JPG,NGAJAR SMPN/NGAJAR SMP/IMG_8409.JPG,1920,1280,LANDSCAPE,1.5,948102,321,NO,173,NORMAL,OK,OK
405,IMG_8411.JPG,NGAJAR SMPN/NGAJAR SMP/IMG_8411.JPG,1920,1280,LANDSCAPE,1.5,1121560,145,NO,235,OVEREXPOSED,OK,NEEDS_REVIEW
406,IMG_8413.JPG,NGAJAR SMPN/NGAJAR SMP/IMG_8413.JPG,1920,1280,LANDSCAPE,1.5,826605,132,NO,250,OVEREXPOSED,OK,NEEDS_REVIEW
407,IMG_8414.JPG,NGAJAR SMPN/NGAJAR SMP/IMG_8414.JPG,1920,1280,LANDSCAPE,1.5,802694,300,NO,240,OVEREXPOSED,OK,NEEDS_REVIEW
408,IMG_8416.JPG,NGAJAR SMPN/NGAJAR SMP/IMG_8416.JPG,1920,1280,LANDSCAPE,1.5,1046733,372,NO,17,UNDEREXPOSED,OK,NEEDS_REVIEW
409,IMG_8417.JPG,NGAJAR SMPN/NGAJAR SMP/IMG_8417.JPG,1920,1280,LANDSCAPE,1.5,1272810,246,NO,169,NORMAL,OK,OK
410,IMG_8419.JPG,NGAJAR SMPN/NGAJAR SMP/IMG_8419.JPG,1920,1280,LANDSCAPE,1.5,1199159,480,NO,37,UNDEREXPOSED,OK,NEEDS_REVIEW
411,IMG_8421.JPG,NGAJAR SMPN/NGAJAR SMP/IMG_8421.JPG,1920,1280,LANDSCAPE,1.5,1065582,489,NO,234,OVEREXPOSED,OK,NEEDS_REVIEW
412,IMG_8422.JPG,NGAJAR SMPN/NGAJAR SMP/IMG_8422.JPG,1920,1280,LANDSCAPE,1.5,1051515,138,NO,64,NORMAL,OK,OK
413,IMG_8423.JPG,NGAJAR SMPN/NGAJAR SMP/IMG_8423.JPG,1920,1280,LANDSCAPE,1.5,1007054,458,NO,17,UNDEREXPOSED,OK,NEEDS_REVIEW
414,IMG_8424.JPG,NGAJAR SMPN/NGAJAR SMP/IMG_8424.JPG,1920,1280,LANDSCAPE,1.5,1221497,197,NO,91,NORMAL,OK,OK
415,IMG_8425.JPG,NGAJAR SMPN/NGAJAR SMP/IMG_8425.JPG,1920,1280,LANDSCAPE,1.5,1462548,330,NO,226,OVEREXPOSED,OK,NEEDS_REVIEW
416,IMG_8426.JPG,NGAJAR SMPN/NGAJAR SMP/IMG_8426.JPG,1920,1280,LANDSCAPE,1.5,1486961,262,NO,31,UNDEREXPOSED,OK,NEEDS_REVIEW
417,IMG_8427.JPG,NGAJAR SMPN/NGAJAR SMP/IMG_8427.JPG,1920,1280,LANDSCAPE,1.5,1163601,453,NO,178,NORMAL,OK,OK
418,IMG_8428.JPG,NGAJAR SMPN/NGAJAR SMP/IMG_8428.JPG,1920,1280,LANDSCAPE,1.5,946810,494,NO,30,UNDEREXPOSED,OK,NEEDS_REVIEW
419,IMG_8429.JPG,NGAJAR SMPN/NGAJAR SMP/IMG_8429.JPG,1920,1280,LANDSCAPE,1.5,865300,370,NO,58,NORMAL,OK,OK
420,IMG_8430.JPG,NGAJAR SMPN/NGAJAR SMP/IMG_8430.JPG,1920,1280,LANDSCAPE,1.5,1057247,390,NO,10,UNDEREXPOSED,OK,NEEDS_REVIEW
421,IMG_8431.JPG,NGAJAR SMPN/NGAJAR SMP/IMG_8431.JPG,1920,1280,LANDSCAPE,1.5,968541,263,NO,183,NORMAL,OK,OK
422,IMG_8432.JPG,NGAJAR SMPN/NGAJAR SMP/IMG_8432.JPG,1920,1280,LANDSCAPE,1.5,1239696,278,NO,61,NORMAL,OK,OK
423,IMG_8725.JPG,RANDOM/KAKAK-KAKAK/IMG_8725.JPG,1920,1280,LANDSCAPE,1.5,1269218,369,NO,77,NORMAL,OK,OK
424,IMG_8732.JPG,RANDOM/KAKAK-KAKAK/IMG_8732.JPG,1920,1280,LANDSCAPE,1.5,850215,343,NO,88,NORMAL,OK,OK
425,IMG_8747.JPG,RANDOM/KAKAK-KAKAK/IMG_8747.JPG,1920,1280,LANDSCAPE,1.5,1537956,120,NO,232,OVEREXPOSED,OK,NEEDS_REVIEW
426,IMG_8749.JPG,RANDOM/KAKAK-KAKAK/IMG_8749.JPG,1920,1280,LANDSCAPE,1.5,1172866,75,YES,219,NORMAL,OK,NEEDS_REVIEW
427,IMG_8750.JPG,RANDOM/KAKAK-KAKAK/IMG_8750.JPG,1920,1280,LANDSCAPE,1.5,1406272,7,YES,191,NORMAL,OK,NEEDS_REVIEW
428,IMG_8753.JPG,RANDOM/KAKAK-KAKAK/IMG_8753.JPG,1920,1280,LANDSCAPE,1.5,1208801,141,NO,250,OVEREXPOSED,OK,NEEDS_REVIEW
429,IMG_8754.JPG,RANDOM/KAKAK-KAKAK/IMG_8754.JPG,1920,1280,LANDSCAPE,1.5,1322960,356,NO,89,NORMAL,OK,OK
430,IMG_8770.JPG,RANDOM/KAKAK-KAKAK/IMG_8770.JPG,1920,1280,LANDSCAPE,1.5,962723,461,NO,53,NORMAL,OK,OK
431,Salinan IMG_8756.JPG,RANDOM/KAKAK-KAKAK/Salinan IMG_8756.JPG,1920,1280,LANDSCAPE,1.5,833208,261,NO,34,UNDEREXPOSED,OK,NEEDS_REVIEW
432,Salinan IMG_8757.JPG,RANDOM/KAKAK-KAKAK/Salinan IMG_8757.JPG,1920,1280,LANDSCAPE,1.5,1043926,399,NO,212,NORMAL,OK,OK
433,IMG_8778.JPG,RANDOM/TONIABLE/IMG_8778.JPG,1920,1280,LANDSCAPE,1.5,1104532,120,NO,52,NORMAL,OK,OK
434,IMG_8779.JPG,RANDOM/TONIABLE/IMG_8779.JPG,1920,1280,LANDSCAPE,1.5,1025114,120,NO,50,NORMAL,OK,OK
435,IMG_8780.JPG,RANDOM/TONIABLE/IMG_8780.JPG,1920,1280,LANDSCAPE,1.5,979513,461,NO,120,NORMAL,OK,OK
436,IMG_8782.JPG,RANDOM/TONIABLE/IMG_8782.JPG,1920,1280,LANDSCAPE,1.5,1014240,444,NO,103,NORMAL,OK,OK
437,IMG_7388.JPG,SMPN 02 AIR PUTIH LBJ/KKN SMPN/IMG_7388.JPG,6000,4000,LANDSCAPE,1.5,9063544,126,NO,65,NORMAL,OK,OK
438,IMG_7389.JPG,SMPN 02 AIR PUTIH LBJ/KKN SMPN/IMG_7389.JPG,6000,4000,LANDSCAPE,1.5,9588312,143,NO,209,NORMAL,OK,OK
439,IMG_7391.JPG,SMPN 02 AIR PUTIH LBJ/KKN SMPN/IMG_7391.JPG,6000,4000,LANDSCAPE,1.5,9704017,475,NO,169,NORMAL,OK,OK
440,IMG_7394.JPG,SMPN 02 AIR PUTIH LBJ/KKN SMPN/IMG_7394.JPG,6000,4000,LANDSCAPE,1.5,8209643,223,NO,230,OVEREXPOSED,OK,NEEDS_REVIEW
441,IMG_7557.JPG,SMPN 02 AIR PUTIH LBJ/KKN SMPN/IMG_7557.JPG,6000,4000,LANDSCAPE,1.5,6956173,447,NO,248,OVEREXPOSED,OK,NEEDS_REVIEW
442,IMG_7559.JPG,SMPN 02 AIR PUTIH LBJ/KKN SMPN/IMG_7559.JPG,6000,4000,LANDSCAPE,1.5,7247802,489,NO,201,NORMAL,OK,OK
443,IMG_7564.JPG,SMPN 02 AIR PUTIH LBJ/KKN SMPN/IMG_7564.JPG,6000,4000,LANDSCAPE,1.5,7432011,252,NO,24,UNDEREXPOSED,OK,NEEDS_REVIEW
444,IMG_7570.JPG,SMPN 02 AIR PUTIH LBJ/KKN SMPN/IMG_7570.JPG,6000,4000,LANDSCAPE,1.5,6078330,328,NO,224,OVEREXPOSED,OK,NEEDS_REVIEW
445,IMG_7571.JPG,SMPN 02 AIR PUTIH LBJ/KKN SMPN/IMG_7571.JPG,6000,4000,LANDSCAPE,1.5,6296543,475,NO,88,NORMAL,OK,OK
446,IMG_7574.JPG,SMPN 02 AIR PUTIH LBJ/KKN SMPN/IMG_7574.JPG,6000,4000,LANDSCAPE,1.5,7222700,156,NO,96,NORMAL,OK,OK
447,IMG_7575.JPG,SMPN 02 AIR PUTIH LBJ/KKN SMPN/IMG_7575.JPG,6000,4000,LANDSCAPE,1.5,6495501,208,NO,187,NORMAL,OK,OK
448,IMG_7576.JPG,SMPN 02 AIR PUTIH LBJ/KKN SMPN/IMG_7576.JPG,6000,4000,LANDSCAPE,1.5,7508648,201,NO,119,NORMAL,OK,OK
449,IMG_7577.JPG,SMPN 02 AIR PUTIH LBJ/KKN SMPN/IMG_7577.JPG,6000,4000,LANDSCAPE,1.5,7257031,397,NO,89,NORMAL,OK,OK
450,IMG_7578.JPG,SMPN 02 AIR PUTIH LBJ/KKN SMPN/IMG_7578.JPG,6000,4000,LANDSCAPE,1.5,7357508,389,NO,206,NORMAL,OK,OK
451,IMG_7579.JPG,SMPN 02 AIR PUTIH LBJ/KKN SMPN/IMG_7579.JPG,6000,4000,LANDSCAPE,1.5,7066582,107,NO,126,NORMAL,OK,OK
452,IMG_7580.JPG,SMPN 02 AIR PUTIH LBJ/KKN SMPN/IMG_7580.JPG,6000,4000,LANDSCAPE,1.5,7109844,380,NO,197,NORMAL,OK,OK
453,IMG_7582.JPG,SMPN 02 AIR PUTIH LBJ/KKN SMPN/IMG_7582.JPG,6000,4000,LANDSCAPE,1.5,6506796,434,NO,173,NORMAL,OK,OK
454,IMG_7583.JPG,SMPN 02 AIR PUTIH LBJ/KKN SMPN/IMG_7583.JPG,6000,4000,LANDSCAPE,1.5,7870111,284,NO,74,NORMAL,OK,OK
455,IMG_7584.JPG,SMPN 02 AIR PUTIH LBJ/KKN SMPN/IMG_7584.JPG,6000,4000,LANDSCAPE,1.5,7806824,397,NO,176,NORMAL,OK,OK
456,IMG_7585.JPG,SMPN 02 AIR PUTIH LBJ/KKN SMPN/IMG_7585.JPG,6000,4000,LANDSCAPE,1.5,8095809,124,NO,96,NORMAL,OK,OK
457,IMG_7586.JPG,SMPN 02 AIR PUTIH LBJ/KKN SMPN/IMG_7586.JPG,6000,4000,LANDSCAPE,1.5,8353854,496,NO,190,NORMAL,OK,OK
458,IMG_7587.JPG,SMPN 02 AIR PUTIH LBJ/KKN SMPN/IMG_7587.JPG,6000,4000,LANDSCAPE,1.5,8376880,360,NO,210,NORMAL,OK,OK
459,IMG_7589.JPG,SMPN 02 AIR PUTIH LBJ/KKN SMPN/IMG_7589.JPG,6000,4000,LANDSCAPE,1.5,7659763,27,YES,23,UNDEREXPOSED,OK,NEEDS_REVIEW
460,IMG_7590.JPG,SMPN 02 AIR PUTIH LBJ/KKN SMPN/IMG_7590.JPG,6000,4000,LANDSCAPE,1.5,7711174,17,YES,72,NORMAL,OK,NEEDS_REVIEW
461,IMG_7591.JPG,SMPN 02 AIR PUTIH LBJ/KKN SMPN/IMG_7591.JPG,6000,4000,LANDSCAPE,1.5,8326717,346,NO,138,NORMAL,OK,OK
462,IMG_7592.JPG,SMPN 02 AIR PUTIH LBJ/KKN SMPN/IMG_7592.JPG,6000,4000,LANDSCAPE,1.5,7454353,80,YES,122,NORMAL,OK,NEEDS_REVIEW
463,IMG_7593.JPG,SMPN 02 AIR PUTIH LBJ/KKN SMPN/IMG_7593.JPG,6000,4000,LANDSCAPE,1.5,8241103,212,NO,22,UNDEREXPOSED,OK,NEEDS_REVIEW
464,IMG_7594.JPG,SMPN 02 AIR PUTIH LBJ/KKN SMPN/IMG_7594.JPG,6000,4000,LANDSCAPE,1.5,7890834,326,NO,194,NORMAL,OK,OK
465,IMG_7595.JPG,SMPN 02 AIR PUTIH LBJ/KKN SMPN/IMG_7595.JPG,6000,4000,LANDSCAPE,1.5,7405665,58,YES,62,NORMAL,OK,NEEDS_REVIEW
466,IMG_7597.JPG,SMPN 02 AIR PUTIH LBJ/KKN SMPN/IMG_7597.JPG,6000,4000,LANDSCAPE,1.5,7172231,21,YES,235,OVEREXPOSED,OK,NEEDS_REVIEW
467,IMG_7599.JPG,SMPN 02 AIR PUTIH LBJ/KKN SMPN/IMG_7599.JPG,6000,4000,LANDSCAPE,1.5,8910007,443,NO,233,OVEREXPOSED,OK,NEEDS_REVIEW
468,IMG_7600.JPG,SMPN 02 AIR PUTIH LBJ/KKN SMPN/IMG_7600.JPG,6000,4000,LANDSCAPE,1.5,8840704,257,NO,230,OVEREXPOSED,OK,NEEDS_REVIEW
469,IMG_7601.JPG,SMPN 02 AIR PUTIH LBJ/KKN SMPN/IMG_7601.JPG,6000,4000,LANDSCAPE,1.5,7091013,125,NO,89,NORMAL,OK,OK
470,IMG_7602(1).JPG,SMPN 02 AIR PUTIH LBJ/KKN SMPN/IMG_7602(1).JPG,6000,4000,LANDSCAPE,1.5,7924657,167,NO,74,NORMAL,OK,OK
471,IMG_7602.JPG,SMPN 02 AIR PUTIH LBJ/KKN SMPN/IMG_7602.JPG,6000,4000,LANDSCAPE,1.5,7924657,426,NO,209,NORMAL,OK,OK
472,IMG_7603.JPG,SMPN 02 AIR PUTIH LBJ/KKN SMPN/IMG_7603.JPG,6000,4000,LANDSCAPE,1.5,8715426,239,NO,11,UNDEREXPOSED,OK,NEEDS_REVIEW
473,IMG_7604.JPG,SMPN 02 AIR PUTIH LBJ/KKN SMPN/IMG_7604.JPG,6000,4000,LANDSCAPE,1.5,7283478,242,NO,0,UNDEREXPOSED,OK,NEEDS_REVIEW
474,IMG_7605.JPG,SMPN 02 AIR PUTIH LBJ/KKN SMPN/IMG_7605.JPG,6000,4000,LANDSCAPE,1.5,8494126,443,NO,254,OVEREXPOSED,OK,NEEDS_REVIEW
475,IMG_7606.JPG,SMPN 02 AIR PUTIH LBJ/KKN SMPN/IMG_7606.JPG,6000,4000,LANDSCAPE,1.5,8089232,73,YES,133,NORMAL,OK,NEEDS_REVIEW
476,IMG_7607.JPG,SMPN 02 AIR PUTIH LBJ/KKN SMPN/IMG_7607.JPG,6000,4000,LANDSCAPE,1.5,7426506,164,NO,179,NORMAL,OK,OK
477,IMG_7608.JPG,SMPN 02 AIR PUTIH LBJ/KKN SMPN/IMG_7608.JPG,6000,4000,LANDSCAPE,1.5,7433354,496,NO,87,NORMAL,OK,OK
478,IMG_7609.JPG,SMPN 02 AIR PUTIH LBJ/KKN SMPN/IMG_7609.JPG,6000,4000,LANDSCAPE,1.5,7600288,337,NO,231,OVEREXPOSED,OK,NEEDS_REVIEW
479,IMG_7613(1).JPG,SMPN 02 AIR PUTIH LBJ/KKN SMPN/IMG_7613(1).JPG,6000,4000,LANDSCAPE,1.5,8183290,308,NO,103,NORMAL,OK,OK
480,IMG_7613.JPG,SMPN 02 AIR PUTIH LBJ/KKN SMPN/IMG_7613.JPG,6000,4000,LANDSCAPE,1.5,8183290,395,NO,19,UNDEREXPOSED,OK,NEEDS_REVIEW
481,IMG_7616.JPG,SMPN 02 AIR PUTIH LBJ/KKN SMPN/IMG_7616.JPG,6000,4000,LANDSCAPE,1.5,8591871,366,NO,238,OVEREXPOSED,OK,NEEDS_REVIEW
482,IMG_7617.JPG,SMPN 02 AIR PUTIH LBJ/KKN SMPN/IMG_7617.JPG,6000,4000,LANDSCAPE,1.5,8407799,207,NO,7,UNDEREXPOSED,OK,NEEDS_REVIEW
483,IMG_7618.JPG,SMPN 02 AIR PUTIH LBJ/KKN SMPN/IMG_7618.JPG,6000,4000,LANDSCAPE,1.5,9093721,280,NO,106,NORMAL,OK,OK
484,IMG_7619.JPG,SMPN 02 AIR PUTIH LBJ/KKN SMPN/IMG_7619.JPG,6000,4000,LANDSCAPE,1.5,8405313,482,NO,56,NORMAL,OK,OK
485,IMG_7620.JPG,SMPN 02 AIR PUTIH LBJ/KKN SMPN/IMG_7620.JPG,6000,4000,LANDSCAPE,1.5,8546100,46,YES,233,OVEREXPOSED,OK,NEEDS_REVIEW
486,IMG_7622.JPG,SMPN 02 AIR PUTIH LBJ/KKN SMPN/IMG_7622.JPG,6000,4000,LANDSCAPE,1.5,9321579,467,NO,99,NORMAL,OK,OK
487,IMG_7625.JPG,SMPN 02 AIR PUTIH LBJ/KKN SMPN/IMG_7625.JPG,6000,4000,LANDSCAPE,1.5,7700116,138,NO,165,NORMAL,OK,OK
488,IMG_7626.JPG,SMPN 02 AIR PUTIH LBJ/KKN SMPN/IMG_7626.JPG,6000,4000,LANDSCAPE,1.5,7664338,286,NO,159,NORMAL,OK,OK
489,IMG_7628.JPG,SMPN 02 AIR PUTIH LBJ/KKN SMPN/IMG_7628.JPG,6000,4000,LANDSCAPE,1.5,7709109,427,NO,92,NORMAL,OK,OK
490,IMG_7629.JPG,SMPN 02 AIR PUTIH LBJ/KKN SMPN/IMG_7629.JPG,6000,4000,LANDSCAPE,1.5,8158326,447,NO,76,NORMAL,OK,OK
491,IMG_7630.JPG,SMPN 02 AIR PUTIH LBJ/KKN SMPN/IMG_7630.JPG,6000,4000,LANDSCAPE,1.5,8457238,334,NO,66,NORMAL,OK,OK
492,IMG_7631.JPG,SMPN 02 AIR PUTIH LBJ/KKN SMPN/IMG_7631.JPG,6000,4000,LANDSCAPE,1.5,8161656,68,YES,19,UNDEREXPOSED,OK,NEEDS_REVIEW
493,IMG_7632.JPG,SMPN 02 AIR PUTIH LBJ/KKN SMPN/IMG_7632.JPG,6000,4000,LANDSCAPE,1.5,6835124,78,YES,158,NORMAL,OK,NEEDS_REVIEW
494,IMG_7633.JPG,SMPN 02 AIR PUTIH LBJ/KKN SMPN/IMG_7633.JPG,6000,4000,LANDSCAPE,1.5,7144666,114,NO,78,NORMAL,OK,OK
495,IMG_7634.JPG,SMPN 02 AIR PUTIH LBJ/KKN SMPN/IMG_7634.JPG,6000,4000,LANDSCAPE,1.5,6906280,409,NO,156,NORMAL,OK,OK
496,IMG_7635.JPG,SMPN 02 AIR PUTIH LBJ/KKN SMPN/IMG_7635.JPG,6000,4000,LANDSCAPE,1.5,6821150,179,NO,92,NORMAL,OK,OK
497,IMG_7636.JPG,SMPN 02 AIR PUTIH LBJ/KKN SMPN/IMG_7636.JPG,6000,4000,LANDSCAPE,1.5,6375308,140,NO,249,OVEREXPOSED,OK,NEEDS_REVIEW
498,IMG_7638.JPG,SMPN 02 AIR PUTIH LBJ/KKN SMPN/IMG_7638.JPG,6000,4000,LANDSCAPE,1.5,6721978,388,NO,224,OVEREXPOSED,OK,NEEDS_REVIEW
499,IMG_7640.JPG,SMPN 02 AIR PUTIH LBJ/KKN SMPN/IMG_7640.JPG,6000,4000,LANDSCAPE,1.5,6976942,200,NO,208,NORMAL,OK,OK
500,IMG_7642.JPG,SMPN 02 AIR PUTIH LBJ/KKN SMPN/IMG_7642.JPG,6000,4000,LANDSCAPE,1.5,6530883,250,NO,221,OVEREXPOSED,OK,NEEDS_REVIEW
501,IMG_7643.JPG,SMPN 02 AIR PUTIH LBJ/KKN SMPN/IMG_7643.JPG,6000,4000,LANDSCAPE,1.5,6694327,278,NO,36,UNDEREXPOSED,OK,NEEDS_REVIEW
502,IMG_7644.JPG,SMPN 02 AIR PUTIH LBJ/KKN SMPN/IMG_7644.JPG,6000,4000,LANDSCAPE,1.5,7331688,186,NO,155,NORMAL,OK,OK
503,IMG_7645.JPG,SMPN 02 AIR PUTIH LBJ/KKN SMPN/IMG_7645.JPG,6000,4000,LANDSCAPE,1.5,7198371,96,YES,117,NORMAL,OK,NEEDS_REVIEW
504,IMG_7646.JPG,SMPN 02 AIR PUTIH LBJ/KKN SMPN/IMG_7646.JPG,6000,4000,LANDSCAPE,1.5,7679419,306,NO,221,OVEREXPOSED,OK,NEEDS_REVIEW
505,IMG_7647.JPG,SMPN 02 AIR PUTIH LBJ/KKN SMPN/IMG_7647.JPG,6000,4000,LANDSCAPE,1.5,6297547,140,NO,93,NORMAL,OK,OK
506,IMG_7650.JPG,SMPN 02 AIR PUTIH LBJ/KKN SMPN/IMG_7650.JPG,6000,4000,LANDSCAPE,1.5,6687502,447,NO,207,NORMAL,OK,OK
507,IMG_7651.JPG,SMPN 02 AIR PUTIH LBJ/KKN SMPN/IMG_7651.JPG,6000,4000,LANDSCAPE,1.5,6510300,282,NO,136,NORMAL,OK,OK
508,IMG_7652.JPG,SMPN 02 AIR PUTIH LBJ/KKN SMPN/IMG_7652.JPG,6000,4000,LANDSCAPE,1.5,6473277,280,NO,144,NORMAL,OK,OK
509,IMG_7653.JPG,SMPN 02 AIR PUTIH LBJ/KKN SMPN/IMG_7653.JPG,6000,4000,LANDSCAPE,1.5,6858114,318,NO,51,NORMAL,OK,OK
510,IMG_7654.JPG,SMPN 02 AIR PUTIH LBJ/KKN SMPN/IMG_7654.JPG,6000,4000,LANDSCAPE,1.5,7043776,178,NO,148,NORMAL,OK,OK
511,IMG_7655.JPG,SMPN 02 AIR PUTIH LBJ/KKN SMPN/IMG_7655.JPG,6000,4000,LANDSCAPE,1.5,7816538,428,NO,253,OVEREXPOSED,OK,NEEDS_REVIEW
512,IMG_7656(1).JPG,SMPN 02 AIR PUTIH LBJ/KKN SMPN/IMG_7656(1).JPG,6000,4000,LANDSCAPE,1.5,6476905,382,NO,196,NORMAL,OK,OK
513,IMG_7656.JPG,SMPN 02 AIR PUTIH LBJ/KKN SMPN/IMG_7656.JPG,6000,4000,LANDSCAPE,1.5,6476905,155,NO,45,NORMAL,OK,OK
514,IMG_7657.JPG,SMPN 02 AIR PUTIH LBJ/KKN SMPN/IMG_7657.JPG,6000,4000,LANDSCAPE,1.5,6634706,271,NO,58,NORMAL,OK,OK
515,IMG_7658.JPG,SMPN 02 AIR PUTIH LBJ/KKN SMPN/IMG_7658.JPG,6000,4000,LANDSCAPE,1.5,6701973,441,NO,140,NORMAL,OK,OK
516,IMG_7659.JPG,SMPN 02 AIR PUTIH LBJ/KKN SMPN/IMG_7659.JPG,6000,4000,LANDSCAPE,1.5,6873271,499,NO,53,NORMAL,OK,OK
517,IMG_7664.JPG,SMPN 02 AIR PUTIH LBJ/KKN SMPN/IMG_7664.JPG,6000,4000,LANDSCAPE,1.5,6145934,428,NO,220,NORMAL,OK,OK
518,IMG_7665.JPG,SMPN 02 AIR PUTIH LBJ/KKN SMPN/IMG_7665.JPG,6000,4000,LANDSCAPE,1.5,6054586,224,NO,198,NORMAL,OK,OK
519,IMG_7666.JPG,SMPN 02 AIR PUTIH LBJ/KKN SMPN/IMG_7666.JPG,6000,4000,LANDSCAPE,1.5,6058387,74,YES,122,NORMAL,OK,NEEDS_REVIEW
520,IMG_7668.JPG,SMPN 02 AIR PUTIH LBJ/KKN SMPN/IMG_7668.JPG,6000,4000,LANDSCAPE,1.5,6235354,89,YES,244,OVEREXPOSED,OK,NEEDS_REVIEW
521,IMG_7669.JPG,SMPN 02 AIR PUTIH LBJ/KKN SMPN/IMG_7669.JPG,6000,4000,LANDSCAPE,1.5,6412637,171,NO,93,NORMAL,OK,OK
522,IMG_7670.JPG,SMPN 02 AIR PUTIH LBJ/KKN SMPN/IMG_7670.JPG,6000,4000,LANDSCAPE,1.5,6644650,284,NO,187,NORMAL,OK,OK
523,IMG_7671.JPG,SMPN 02 AIR PUTIH LBJ/KKN SMPN/IMG_7671.JPG,6000,4000,LANDSCAPE,1.5,6846303,471,NO,56,NORMAL,OK,OK
524,IMG_7673.JPG,SMPN 02 AIR PUTIH LBJ/KKN SMPN/IMG_7673.JPG,6000,4000,LANDSCAPE,1.5,6812903,300,NO,179,NORMAL,OK,OK
525,IMG_7674.JPG,SMPN 02 AIR PUTIH LBJ/KKN SMPN/IMG_7674.JPG,6000,4000,LANDSCAPE,1.5,7193082,421,NO,142,NORMAL,OK,OK
526,IMG_7675.JPG,SMPN 02 AIR PUTIH LBJ/KKN SMPN/IMG_7675.JPG,6000,4000,LANDSCAPE,1.5,7035215,86,YES,207,NORMAL,OK,NEEDS_REVIEW
527,IMG_7676.JPG,SMPN 02 AIR PUTIH LBJ/KKN SMPN/IMG_7676.JPG,6000,4000,LANDSCAPE,1.5,6747834,97,YES,139,NORMAL,OK,NEEDS_REVIEW
528,IMG_7677.JPG,SMPN 02 AIR PUTIH LBJ/KKN SMPN/IMG_7677.JPG,6000,4000,LANDSCAPE,1.5,6625927,408,NO,49,NORMAL,OK,OK
529,IMG_7678.JPG,SMPN 02 AIR PUTIH LBJ/KKN SMPN/IMG_7678.JPG,6000,4000,LANDSCAPE,1.5,6561594,383,NO,29,UNDEREXPOSED,OK,NEEDS_REVIEW
530,IMG_7680(1).JPG,SMPN 02 AIR PUTIH LBJ/KKN SMPN/IMG_7680(1).JPG,6000,4000,LANDSCAPE,1.5,7194675,242,NO,84,NORMAL,OK,OK
531,IMG_7680.JPG,SMPN 02 AIR PUTIH LBJ/KKN SMPN/IMG_7680.JPG,6000,4000,LANDSCAPE,1.5,7194675,279,NO,227,OVEREXPOSED,OK,NEEDS_REVIEW
532,IMG_7681.JPG,SMPN 02 AIR PUTIH LBJ/KKN SMPN/IMG_7681.JPG,6000,4000,LANDSCAPE,1.5,7013235,349,NO,109,NORMAL,OK,OK
533,IMG_7683(1).JPG,SMPN 02 AIR PUTIH LBJ/KKN SMPN/IMG_7683(1).JPG,6000,4000,LANDSCAPE,1.5,6951140,488,NO,65,NORMAL,OK,OK
534,IMG_7683.JPG,SMPN 02 AIR PUTIH LBJ/KKN SMPN/IMG_7683.JPG,6000,4000,LANDSCAPE,1.5,6951140,479,NO,208,NORMAL,OK,OK
535,IMG_7684(1).JPG,SMPN 02 AIR PUTIH LBJ/KKN SMPN/IMG_7684(1).JPG,6000,4000,LANDSCAPE,1.5,6676846,211,NO,135,NORMAL,OK,OK
536,IMG_7684.JPG,SMPN 02 AIR PUTIH LBJ/KKN SMPN/IMG_7684.JPG,6000,4000,LANDSCAPE,1.5,6676846,362,NO,15,UNDEREXPOSED,OK,NEEDS_REVIEW
537,IMG_7685.JPG,SMPN 02 AIR PUTIH LBJ/KKN SMPN/IMG_7685.JPG,6000,4000,LANDSCAPE,1.5,7579981,156,NO,154,NORMAL,OK,OK
538,IMG_7689.JPG,SMPN 02 AIR PUTIH LBJ/KKN SMPN/IMG_7689.JPG,6000,4000,LANDSCAPE,1.5,5757992,20,YES,218,NORMAL,OK,NEEDS_REVIEW
539,IMG_7691(1).JPG,SMPN 02 AIR PUTIH LBJ/KKN SMPN/IMG_7691(1).JPG,6000,4000,LANDSCAPE,1.5,6313902,240,NO,98,NORMAL,OK,OK
540,IMG_7691.JPG,SMPN 02 AIR PUTIH LBJ/KKN SMPN/IMG_7691.JPG,6000,4000,LANDSCAPE,1.5,6313902,245,NO,121,NORMAL,OK,OK
541,IMG_7692.JPG,SMPN 02 AIR PUTIH LBJ/KKN SMPN/IMG_7692.JPG,6000,4000,LANDSCAPE,1.5,7148821,146,NO,78,NORMAL,OK,OK
542,IMG_7693.JPG,SMPN 02 AIR PUTIH LBJ/KKN SMPN/IMG_7693.JPG,6000,4000,LANDSCAPE,1.5,9323217,371,NO,75,NORMAL,OK,OK
543,IMG_7694.JPG,SMPN 02 AIR PUTIH LBJ/KKN SMPN/IMG_7694.JPG,6000,4000,LANDSCAPE,1.5,8956293,332,NO,228,OVEREXPOSED,OK,NEEDS_REVIEW
544,IMG_7695.JPG,SMPN 02 AIR PUTIH LBJ/KKN SMPN/IMG_7695.JPG,6000,4000,LANDSCAPE,1.5,7194167,239,NO,58,NORMAL,OK,OK
545,IMG_7696.JPG,SMPN 02 AIR PUTIH LBJ/KKN SMPN/IMG_7696.JPG,6000,4000,LANDSCAPE,1.5,7516182,478,NO,102,NORMAL,OK,OK
546,IMG_7697.JPG,SMPN 02 AIR PUTIH LBJ/KKN SMPN/IMG_7697.JPG,6000,4000,LANDSCAPE,1.5,6311057,408,NO,229,OVEREXPOSED,OK,NEEDS_REVIEW
547,IMG_7698.JPG,SMPN 02 AIR PUTIH LBJ/KKN SMPN/IMG_7698.JPG,6000,4000,LANDSCAPE,1.5,6517675,265,NO,84,NORMAL,OK,OK
548,IMG_7699.JPG,SMPN 02 AIR PUTIH LBJ/KKN SMPN/IMG_7699.JPG,6000,4000,LANDSCAPE,1.5,7064116,274,NO,95,NORMAL,OK,OK
549,IMG_7700.JPG,SMPN 02 AIR PUTIH LBJ/KKN SMPN/IMG_7700.JPG,6000,4000,LANDSCAPE,1.5,7133390,360,NO,159,NORMAL,OK,OK
550,IMG_7701.JPG,SMPN 02 AIR PUTIH LBJ/KKN SMPN/IMG_7701.JPG,6000,4000,LANDSCAPE,1.5,7186774,423,NO,172,NORMAL,OK,OK
551,IMG_7703.JPG,SMPN 02 AIR PUTIH LBJ/KKN SMPN/IMG_7703.JPG,6000,4000,LANDSCAPE,1.5,5665865,70,YES,116,NORMAL,OK,NEEDS_REVIEW
552,IMG_7704.JPG,SMPN 02 AIR PUTIH LBJ/KKN SMPN/IMG_7704.JPG,6000,4000,LANDSCAPE,1.5,6960874,412,NO,35,UNDEREXPOSED,OK,NEEDS_REVIEW
553,IMG_7705.JPG,SMPN 02 AIR PUTIH LBJ/KKN SMPN/IMG_7705.JPG,6000,4000,LANDSCAPE,1.5,6800974,148,NO,64,NORMAL,OK,OK
554,IMG_7708.JPG,SMPN 02 AIR PUTIH LBJ/KKN SMPN/IMG_7708.JPG,6000,4000,LANDSCAPE,1.5,7687233,481,NO,55,NORMAL,OK,OK
555,IMG_7709.JPG,SMPN 02 AIR PUTIH LBJ/KKN SMPN/IMG_7709.JPG,6000,4000,LANDSCAPE,1.5,7987080,151,NO,218,NORMAL,OK,OK
556,IMG_7710.JPG,SMPN 02 AIR PUTIH LBJ/KKN SMPN/IMG_7710.JPG,6000,4000,LANDSCAPE,1.5,7734206,52,YES,219,NORMAL,OK,NEEDS_REVIEW
557,IMG_7711.JPG,SMPN 02 AIR PUTIH LBJ/KKN SMPN/IMG_7711.JPG,6000,4000,LANDSCAPE,1.5,8290931,82,YES,11,UNDEREXPOSED,OK,NEEDS_REVIEW
558,IMG_7712.JPG,SMPN 02 AIR PUTIH LBJ/KKN SMPN/IMG_7712.JPG,6000,4000,LANDSCAPE,1.5,7746811,278,NO,7,UNDEREXPOSED,OK,NEEDS_REVIEW
559,IMG_7714.JPG,SMPN 02 AIR PUTIH LBJ/KKN SMPN/IMG_7714.JPG,6000,4000,LANDSCAPE,1.5,8555851,292,NO,22,UNDEREXPOSED,OK,NEEDS_REVIEW
560,IMG_7715.JPG,SMPN 02 AIR PUTIH LBJ/KKN SMPN/IMG_7715.JPG,6000,4000,LANDSCAPE,1.5,7214586,408,NO,198,NORMAL,OK,OK
561,IMG_7716.JPG,SMPN 02 AIR PUTIH LBJ/KKN SMPN/IMG_7716.JPG,6000,4000,LANDSCAPE,1.5,7623045,87,YES,92,NORMAL,OK,NEEDS_REVIEW
562,IMG_7717.JPG,SMPN 02 AIR PUTIH LBJ/KKN SMPN/IMG_7717.JPG,6000,4000,LANDSCAPE,1.5,8072923,110,NO,153,NORMAL,OK,OK
563,IMG_7718.JPG,SMPN 02 AIR PUTIH LBJ/KKN SMPN/IMG_7718.JPG,6000,4000,LANDSCAPE,1.5,7993441,144,NO,235,OVEREXPOSED,OK,NEEDS_REVIEW
564,IMG_7719.JPG,SMPN 02 AIR PUTIH LBJ/KKN SMPN/IMG_7719.JPG,6000,4000,LANDSCAPE,1.5,8122114,239,NO,45,NORMAL,OK,OK
565,IMG_7720.JPG,SMPN 02 AIR PUTIH LBJ/KKN SMPN/IMG_7720.JPG,6000,4000,LANDSCAPE,1.5,7177205,98,YES,97,NORMAL,OK,NEEDS_REVIEW
566,IMG_7721.JPG,SMPN 02 AIR PUTIH LBJ/KKN SMPN/IMG_7721.JPG,6000,4000,LANDSCAPE,1.5,8743767,290,NO,127,NORMAL,OK,OK
567,IMG_7722.JPG,SMPN 02 AIR PUTIH LBJ/KKN SMPN/IMG_7722.JPG,6000,4000,LANDSCAPE,1.5,7557718,104,NO,109,NORMAL,OK,OK
568,IMG_7723.JPG,SMPN 02 AIR PUTIH LBJ/KKN SMPN/IMG_7723.JPG,6000,4000,LANDSCAPE,1.5,7954662,185,NO,93,NORMAL,OK,OK
569,IMG_7728.JPG,SMPN 02 AIR PUTIH LBJ/KKN SMPN/IMG_7728.JPG,6000,4000,LANDSCAPE,1.5,6453100,287,NO,119,NORMAL,OK,OK
570,IMG_7730.JPG,SMPN 02 AIR PUTIH LBJ/KKN SMPN/IMG_7730.JPG,6000,4000,LANDSCAPE,1.5,6828748,339,NO,134,NORMAL,OK,OK
571,IMG_7731.JPG,SMPN 02 AIR PUTIH LBJ/KKN SMPN/IMG_7731.JPG,6000,4000,LANDSCAPE,1.5,7355951,354,NO,248,OVEREXPOSED,OK,NEEDS_REVIEW
572,IMG_7732.JPG,SMPN 02 AIR PUTIH LBJ/KKN SMPN/IMG_7732.JPG,6000,4000,LANDSCAPE,1.5,6950428,305,NO,200,NORMAL,OK,OK
573,IMG_7734.JPG,SMPN 02 AIR PUTIH LBJ/KKN SMPN/IMG_7734.JPG,6000,4000,LANDSCAPE,1.5,6529299,219,NO,228,OVEREXPOSED,OK,NEEDS_REVIEW
574,IMG_7735.JPG,SMPN 02 AIR PUTIH LBJ/KKN SMPN/IMG_7735.JPG,6000,4000,LANDSCAPE,1.5,7132266,219,NO,205,NORMAL,OK,OK
575,IMG_7736.JPG,SMPN 02 AIR PUTIH LBJ/KKN SMPN/IMG_7736.JPG,6000,4000,LANDSCAPE,1.5,6085933,15,YES,197,NORMAL,OK,NEEDS_REVIEW
576,IMG_7737.JPG,SMPN 02 AIR PUTIH LBJ/KKN SMPN/IMG_7737.JPG,6000,4000,LANDSCAPE,1.5,6162839,400,NO,92,NORMAL,OK,OK
577,IMG_7759.JPG,SMPN 02 AIR PUTIH LBJ/KKN SMPN/IMG_7759.JPG,6000,4000,LANDSCAPE,1.5,5639504,24,YES,131,NORMAL,OK,NEEDS_REVIEW
578,IMG_7760.JPG,SMPN 02 AIR PUTIH LBJ/KKN SMPN/IMG_7760.JPG,6000,4000,LANDSCAPE,1.5,7044578,206,NO,214,NORMAL,OK,OK
579,IMG_7761.JPG,SMPN 02 AIR PUTIH LBJ/KKN SMPN/IMG_7761.JPG,6000,4000,LANDSCAPE,1.5,6936349,202,NO,226,OVEREXPOSED,OK,NEEDS_REVIEW
580,IMG_7762.JPG,SMPN 02 AIR PUTIH LBJ/KKN SMPN/IMG_7762.JPG,6000,4000,LANDSCAPE,1.5,7393796,12,YES,95,NORMAL,OK,NEEDS_REVIEW
581,IMG_7763.JPG,SMPN 02 AIR PUTIH LBJ/KKN SMPN/IMG_7763.JPG,6000,4000,LANDSCAPE,1.5,7172785,312,NO,100,NORMAL,OK,OK
582,IMG_7764(1).JPG,SMPN 02 AIR PUTIH LBJ/KKN SMPN/IMG_7764(1).JPG,6000,4000,LANDSCAPE,1.5,6743331,205,NO,228,OVEREXPOSED,OK,NEEDS_REVIEW
583,IMG_7764.JPG,SMPN 02 AIR PUTIH LBJ/KKN SMPN/IMG_7764.JPG,6000,4000,LANDSCAPE,1.5,6743331,359,NO,60,NORMAL,OK,OK
584,IMG_7765.JPG,SMPN 02 AIR PUTIH LBJ/KKN SMPN/IMG_7765.JPG,6000,4000,LANDSCAPE,1.5,7143541,76,YES,126,NORMAL,OK,NEEDS_REVIEW
585,IMG_7767.JPG,SMPN 02 AIR PUTIH LBJ/KKN SMPN/IMG_7767.JPG,6000,4000,LANDSCAPE,1.5,7914774,214,NO,215,NORMAL,OK,OK
586,IMG_7768.JPG,SMPN 02 AIR PUTIH LBJ/KKN SMPN/IMG_7768.JPG,6000,4000,LANDSCAPE,1.5,7845443,369,NO,233,OVEREXPOSED,OK,NEEDS_REVIEW
587,IMG_7769.JPG,SMPN 02 AIR PUTIH LBJ/KKN SMPN/IMG_7769.JPG,6000,4000,LANDSCAPE,1.5,7713660,324,NO,188,NORMAL,OK,OK
588,IMG_7770.JPG,SMPN 02 AIR PUTIH LBJ/KKN SMPN/IMG_7770.JPG,6000,4000,LANDSCAPE,1.5,7755876,408,NO,213,NORMAL,OK,OK
589,IMG_7771.JPG,SMPN 02 AIR PUTIH LBJ/KKN SMPN/IMG_7771.JPG,6000,4000,LANDSCAPE,1.5,7753872,84,YES,235,OVEREXPOSED,OK,NEEDS_REVIEW
590,IMG_7775.JPG,SMPN 02 AIR PUTIH LBJ/KKN SMPN/IMG_7775.JPG,6000,4000,LANDSCAPE,1.5,8251036,181,NO,211,NORMAL,OK,OK
591,IMG_7779.JPG,SMPN 02 AIR PUTIH LBJ/KKN SMPN/IMG_7779.JPG,6000,4000,LANDSCAPE,1.5,7940381,99,YES,225,OVEREXPOSED,OK,NEEDS_REVIEW
592,IMG_7780.JPG,SMPN 02 AIR PUTIH LBJ/KKN SMPN/IMG_7780.JPG,6000,4000,LANDSCAPE,1.5,7603109,346,NO,156,NORMAL,OK,OK
593,IMG_7781.JPG,SMPN 02 AIR PUTIH LBJ/KKN SMPN/IMG_7781.JPG,6000,4000,LANDSCAPE,1.5,7603926,45,YES,198,NORMAL,OK,NEEDS_REVIEW
594,IMG_7782.JPG,SMPN 02 AIR PUTIH LBJ/KKN SMPN/IMG_7782.JPG,6000,4000,LANDSCAPE,1.5,6485908,213,NO,34,UNDEREXPOSED,OK,NEEDS_REVIEW
595,IMG_7784.JPG,SMPN 02 AIR PUTIH LBJ/KKN SMPN/IMG_7784.JPG,6000,4000,LANDSCAPE,1.5,8040540,465,NO,79,NORMAL,OK,OK
596,IMG_7785.JPG,SMPN 02 AIR PUTIH LBJ/KKN SMPN/IMG_7785.JPG,6000,4000,LANDSCAPE,1.5,7215984,464,NO,241,OVEREXPOSED,OK,NEEDS_REVIEW
597,IMG_7786.JPG,SMPN 02 AIR PUTIH LBJ/KKN SMPN/IMG_7786.JPG,6000,4000,LANDSCAPE,1.5,8213657,2,YES,122,NORMAL,OK,NEEDS_REVIEW
598,IMG_7787.JPG,SMPN 02 AIR PUTIH LBJ/KKN SMPN/IMG_7787.JPG,6000,4000,LANDSCAPE,1.5,8250848,457,NO,151,NORMAL,OK,OK
599,IMG_7788.JPG,SMPN 02 AIR PUTIH LBJ/KKN SMPN/IMG_7788.JPG,6000,4000,LANDSCAPE,1.5,8523601,297,NO,83,NORMAL,OK,OK
600,IMG_7790.JPG,SMPN 02 AIR PUTIH LBJ/KKN SMPN/IMG_7790.JPG,6000,4000,LANDSCAPE,1.5,8241822,108,NO,250,OVEREXPOSED,OK,NEEDS_REVIEW
601,IMG_7791.JPG,SMPN 02 AIR PUTIH LBJ/KKN SMPN/IMG_7791.JPG,6000,4000,LANDSCAPE,1.5,8732424,200,NO,36,UNDEREXPOSED,OK,NEEDS_REVIEW
602,IMG_7792.JPG,SMPN 02 AIR PUTIH LBJ/KKN SMPN/IMG_7792.JPG,6000,4000,LANDSCAPE,1.5,8536756,485,NO,139,NORMAL,OK,OK
603,IMG_7793.JPG,SMPN 02 AIR PUTIH LBJ/KKN SMPN/IMG_7793.JPG,6000,4000,LANDSCAPE,1.5,8071618,195,NO,145,NORMAL,OK,OK
