id,filename,relative_path,triage_status,composition_score,technical_visual_score,lighting_score,subject_clarity_score,storytelling_score,emotional_impact_score,uniqueness_score,web_usability_score,visual_score,tier,primary_role,secondary_role_1,secondary_role_2,target_page,story_role,status,reason,duplicate_group,duplicate_decision,reviewed,reviewer
001,IMG_8067.JPG,AESTHETIC/IMG_8067.JPG,UNREVIEWED,,,,,,,,,,,,,,,,,,DG-001,,FALSE,
002,IMG_8068.JPG,AESTHETIC/IMG_8068.JPG,UNREVIEWED,,,,,,,,,,,,,,,,,,DG-001,,FALSE,
003,IMG_8071.JPG,AESTHETIC/IMG_8071.JPG,UNREVIEWED,,,,,,,,,,,,,,,,,,DG-001,,FALSE,
004,IMG_8113.JPG,AESTHETIC/IMG_8113.JPG,UNREVIEWED,,,,,,,,,,,,,,,,,,DG-002,,FALSE,
005,IMG_8121.JPG,AESTHETIC/IMG_8121.JPG,UNREVIEWED,,,,,,,,,,,,,,,,,,DG-002,,FALSE,
006,IMG_7822.JPG,GORO/IMG_7822.JPG,UNREVIEWED,,,,,,,,,,,,,,,,,,DG-003,,FALSE,
007,IMG_7828.JPG,GORO/IMG_7828.JPG,UNREVIEWED,,,,,,,,,,,,,,,,,,DG-003,,FALSE,
008,IMG_8083.JPG,GORO/SORE/IMG_8083.JPG,UNREVIEWED,,,,,,,,,,,,,,,,,,DG-004,,FALSE,
009,IMG_8084.JPG,GORO/SORE/IMG_8084.JPG,UNREVIEWED,,,,,,,,,,,,,,,,,,DG-004,,FALSE,
010,IMG_8086.JPG,GORO/SORE/IMG_8086.JPG,UNREVIEWED,,,,,,,,,,,,,,,,,,DG-004,,FALSE,
011,IMG_8087.JPG,GORO/SORE/IMG_8087.JPG,UNREVIEWED,,,,,,,,,,,,,,,,,,DG-004,,FALSE,
012,IMG_8088.JPG,GORO/SORE/IMG_8088.JPG,UNREVIEWED,,,,,,,,,,,,,,,,,,DG-004,,FALSE,
013,IMG_8090.JPG,GORO/SORE/IMG_8090.JPG,UNREVIEWED,,,,,,,,,,,,,,,,,,DG-004,,FALSE,
014,IMG_8091.JPG,GORO/SORE/IMG_8091.JPG,UNREVIEWED,,,,,,,,,,,,,,,,,,DG-004,,FALSE,
015,IMG_8093.JPG,GORO/SORE/IMG_8093.JPG,UNREVIEWED,,,,,,,,,,,,,,,,,,DG-004,,FALSE,
016,IMG_8094.JPG,GORO/SORE/IMG_8094.JPG,UNREVIEWED,,,,,,,,,,,,,,,,,,DG-004,,FALSE,
017,IMG_8095.JPG,GORO/SORE/IMG_8095.JPG,UNREVIEWED,,,,,,,,,,,,,,,,,,DG-004,,FALSE,
018,IMG_8097.JPG,GORO/SORE/IMG_8097.JPG,UNREVIEWED,,,,,,,,,,,,,,,,,,DG-004,,FALSE,
019,IMG_8101.JPG,GORO/SORE/IMG_8101.JPG,UNREVIEWED,,,,,,,,,,,,,,,,,,DG-005,,FALSE,
020,IMG_8104.JPG,GORO/SORE/IMG_8104.JPG,UNREVIEWED,,,,,,,,,,,,,,,,,,DG-005,,FALSE,
021,IMG_8108.JPG,GORO/SORE/IMG_8108.JPG,UNREVIEWED,,,,,,,,,,,,,,,,,,DG-005,,FALSE,
022,IMG_8109.JPG,GORO/SORE/IMG_8109.JPG,UNREVIEWED,,,,,,,,,,,,,,,,,,DG-005,,FALSE,
023,IMG_8111.JPG,GORO/SORE/IMG_8111.JPG,UNREVIEWED,,,,,,,,,,,,,,,,,,DG-005,,FALSE,
024,IMG_8115.JPG,GORO/SORE/IMG_8115.JPG,UNREVIEWED,,,,,,,,,,,,,,,,,,DG-005,,FALSE,
025,IMG_8119.JPG,GORO/SORE/IMG_8119.JPG,UNREVIEWED,,,,,,,,,,,,,,,,,,DG-005,,FALSE,
026,IMG_8122.JPG,GORO/SORE/IMG_8122.JPG,UNREVIEWED,,,,,,,,,,,,,,,,,,DG-005,,FALSE,
027,IMG_7844.JPG,KKN RA AL KAUTSAR/IMG_7844.JPG,UNREVIEWED,,,,,,,,,,,,,,,,,,DG-006,,FALSE,
028,IMG_7847.JPG,KKN RA AL KAUTSAR/IMG_7847.JPG,UNREVIEWED,,,,,,,,,,,,,,,,,,DG-006,,FALSE,
029,IMG_7852.JPG,KKN RA AL KAUTSAR/IMG_7852.JPG,UNREVIEWED,,,,,,,,,,,,,,,,,,DG-006,,FALSE,
030,IMG_7855.JPG,KKN RA AL KAUTSAR/IMG_7855.JPG,UNREVIEWED,,,,,,,,,,,,,,,,,,DG-006,,FALSE,
031,IMG_7856.JPG,KKN RA AL KAUTSAR/IMG_7856.JPG,UNREVIEWED,,,,,,,,,,,,,,,,,,DG-006,,FALSE,
032,IMG_7859.JPG,KKN RA AL KAUTSAR/IMG_7859.JPG,UNREVIEWED,,,,,,,,,,,,,,,,,,DG-006,,FALSE,
033,IMG_7860.JPG,KKN RA AL KAUTSAR/IMG_7860.JPG,UNREVIEWED,,,,,,,,,,,,,,,,,,DG-006,,FALSE,
034,IMG_7863.JPG,KKN RA AL KAUTSAR/IMG_7863.JPG,UNREVIEWED,,,,,,,,,,,,,,,,,,DG-006,,FALSE,
035,IMG_7867.JPG,KKN RA AL KAUTSAR/IMG_7867.JPG,UNREVIEWED,,,,,,,,,,,,,,,,,,DG-006,,FALSE,
036,IMG_7868.JPG,KKN RA AL KAUTSAR/IMG_7868.JPG,UNREVIEWED,,,,,,,,,,,,,,,,,,DG-006,,FALSE,
037,IMG_7869.JPG,KKN RA AL KAUTSAR/IMG_7869.JPG,UNREVIEWED,,,,,,,,,,,,,,,,,,DG-006,,FALSE,
038,IMG_7870.JPG,KKN RA AL KAUTSAR/IMG_7870.JPG,UNREVIEWED,,,,,,,,,,,,,,,,,,DG-006,,FALSE,
039,IMG_7871.JPG,KKN RA AL KAUTSAR/IMG_7871.JPG,UNREVIEWED,,,,,,,,,,,,,,,,,,DG-006,,FALSE,
040,IMG_7872.JPG,KKN RA AL KAUTSAR/IMG_7872.JPG,UNREVIEWED,,,,,,,,,,,,,,,,,,DG-006,,FALSE,
041,IMG_7875.JPG,KKN RA AL KAUTSAR/IMG_7875.JPG,UNREVIEWED,,,,,,,,,,,,,,,,,,DG-006,,FALSE,
042,IMG_7877.JPG,KKN RA AL KAUTSAR/IMG_7877.JPG,UNREVIEWED,,,,,,,,,,,,,,,,,,DG-006,,FALSE,
043,IMG_7878.JPG,KKN RA AL KAUTSAR/IMG_7878.JPG,UNREVIEWED,,,,,,,,,,,,,,,,,,DG-006,,FALSE,
044,IMG_7879.JPG,KKN RA AL KAUTSAR/IMG_7879.JPG,UNREVIEWED,,,,,,,,,,,,,,,,,,DG-006,,FALSE,
045,IMG_7881.JPG,KKN RA AL KAUTSAR/IMG_7881.JPG,UNREVIEWED,,,,,,,,,,,,,,,,,,DG-006,,FALSE,
046,IMG_7882.JPG,KKN RA AL KAUTSAR/IMG_7882.JPG,UNREVIEWED,,,,,,,,,,,,,,,,,,DG-006,,FALSE,
047,IMG_7883.JPG,KKN RA AL KAUTSAR/IMG_7883.JPG,UNREVIEWED,,,,,,,,,,,,,,,,,,DG-006,,FALSE,
048,IMG_7885.JPG,KKN RA AL KAUTSAR/IMG_7885.JPG,UNREVIEWED,,,,,,,,,,,,,,,,,,DG-006,,FALSE,
049,IMG_7888.JPG,KKN RA AL KAUTSAR/IMG_7888.JPG,UNREVIEWED,,,,,,,,,,,,,,,,,,DG-006,,FALSE,
050,IMG_7890.JPG,KKN RA AL KAUTSAR/IMG_7890.JPG,UNREVIEWED,,,,,,,,,,,,,,,,,,DG-006,,FALSE,
051,IMG_7895.JPG,KKN RA AL KAUTSAR/IMG_7895.JPG,UNREVIEWED,,,,,,,,,,,,,,,,,,DG-006,,FALSE,
052,IMG_7896.JPG,KKN RA AL KAUTSAR/IMG_7896.JPG,UNREVIEWED,,,,,,,,,,,,,,,,,,DG-006,,FALSE,
053,IMG_7897.JPG,KKN RA AL KAUTSAR/IMG_7897.JPG,UNREVIEWED,,,,,,,,,,,,,,,,,,DG-006,,FALSE,
054,IMG_7899.JPG,KKN RA AL KAUTSAR/IMG_7899.JPG,UNREVIEWED,,,,,,,,,,,,,,,,,,DG-006,,FALSE,
055,IMG_7906.JPG,KKN RA AL KAUTSAR/IMG_7906.JPG,UNREVIEWED,,,,,,,,,,,,,,,,,,DG-007,,FALSE,
056,IMG_7910.JPG,KKN RA AL KAUTSAR/IMG_7910.JPG,UNREVIEWED,,,,,,,,,,,,,,,,,,DG-007,,FALSE,
057,IMG_7911.JPG,KKN RA AL KAUTSAR/IMG_7911.JPG,UNREVIEWED,,,,,,,,,,,,,,,,,,DG-007,,FALSE,
058,IMG_7912.JPG,KKN RA AL KAUTSAR/IMG_7912.JPG,UNREVIEWED,,,,,,,,,,,,,,,,,,DG-007,,FALSE,
059,IMG_7913.JPG,KKN RA AL KAUTSAR/IMG_7913.JPG,UNREVIEWED,,,,,,,,,,,,,,,,,,DG-007,,FALSE,
060,IMG_7917.JPG,KKN RA AL KAUTSAR/IMG_7917.JPG,UNREVIEWED,,,,,,,,,,,,,,,,,,DG-007,,FALSE,
061,IMG_7918.JPG,KKN RA AL KAUTSAR/IMG_7918.JPG,UNREVIEWED,,,,,,,,,,,,,,,,,,DG-007,,FALSE,
062,IMG_7920.JPG,KKN RA AL KAUTSAR/IMG_7920.JPG,UNREVIEWED,,,,,,,,,,,,,,,,,,DG-007,,FALSE,
063,IMG_7923.JPG,KKN RA AL KAUTSAR/IMG_7923.JPG,UNREVIEWED,,,,,,,,,,,,,,,,,,DG-007,,FALSE,
064,IMG_7926.JPG,KKN RA AL KAUTSAR/IMG_7926.JPG,UNREVIEWED,,,,,,,,,,,,,,,,,,DG-007,,FALSE,
065,IMG_7934.JPG,KKN RA AL KAUTSAR/IMG_7934.JPG,UNREVIEWED,,,,,,,,,,,,,,,,,,DG-007,,FALSE,
066,IMG_7936.JPG,KKN RA AL KAUTSAR/IMG_7936.JPG,UNREVIEWED,,,,,,,,,,,,,,,,,,DG-007,,FALSE,
067,IMG_7940.JPG,KKN RA AL KAUTSAR/IMG_7940.JPG,UNREVIEWED,,,,,,,,,,,,,,,,,,DG-007,,FALSE,
068,IMG_7941.JPG,KKN RA AL KAUTSAR/IMG_7941.JPG,UNREVIEWED,,,,,,,,,,,,,,,,,,DG-007,,FALSE,
069,IMG_7943.JPG,KKN RA AL KAUTSAR/IMG_7943.JPG,UNREVIEWED,,,,,,,,,,,,,,,,,,DG-007,,FALSE,
070,IMG_7945.JPG,KKN RA AL KAUTSAR/IMG_7945.JPG,UNREVIEWED,,,,,,,,,,,,,,,,,,DG-007,,FALSE,
071,IMG_7953.JPG,KKN RA AL KAUTSAR/IMG_7953.JPG,UNREVIEWED,,,,,,,,,,,,,,,,,,DG-007,,FALSE,
072,IMG_7954.JPG,KKN RA AL KAUTSAR/IMG_7954.JPG,UNREVIEWED,,,,,,,,,,,,,,,,,,DG-007,,FALSE,
073,IMG_7955.JPG,KKN RA AL KAUTSAR/IMG_7955.JPG,UNREVIEWED,,,,,,,,,,,,,,,,,,DG-007,,FALSE,
074,IMG_7956.JPG,KKN RA AL KAUTSAR/IMG_7956.JPG,UNREVIEWED,,,,,,,,,,,,,,,,,,DG-007,,FALSE,
075,IMG_7957.JPG,KKN RA AL KAUTSAR/IMG_7957.JPG,UNREVIEWED,,,,,,,,,,,,,,,,,,DG-007,,FALSE,
076,IMG_7958.JPG,KKN RA AL KAUTSAR/IMG_7958.JPG,UNREVIEWED,,,,,,,,,,,,,,,,,,DG-007,,FALSE,
077,IMG_7959.JPG,KKN RA AL KAUTSAR/IMG_7959.JPG,UNREVIEWED,,,,,,,,,,,,,,,,,,DG-007,,FALSE,
078,IMG_7960.JPG,KKN RA AL KAUTSAR/IMG_7960.JPG,UNREVIEWED,,,,,,,,,,,,,,,,,,DG-007,,FALSE,
079,IMG_7961.JPG,KKN RA AL KAUTSAR/IMG_7961.JPG,UNREVIEWED,,,,,,,,,,,,,,,,,,DG-007,,FALSE,
080,IMG_7962.JPG,KKN RA AL KAUTSAR/IMG_7962.JPG,UNREVIEWED,,,,,,,,,,,,,,,,,,DG-007,,FALSE,
081,IMG_7963.JPG,KKN RA AL KAUTSAR/IMG_7963.JPG,UNREVIEWED,,,,,,,,,,,,,,,,,,DG-007,,FALSE,
082,IMG_7964.JPG,KKN RA AL KAUTSAR/IMG_7964.JPG,UNREVIEWED,,,,,,,,,,,,,,,,,,DG-007,,FALSE,
083,IMG_7965.JPG,KKN RA AL KAUTSAR/IMG_7965.JPG,UNREVIEWED,,,,,,,,,,,,,,,,,,DG-007,,FALSE,
084,IMG_7966.JPG,KKN RA AL KAUTSAR/IMG_7966.JPG,UNREVIEWED,,,,,,,,,,,,,,,,,,DG-007,,FALSE,
085,IMG_7967.JPG,KKN RA AL KAUTSAR/IMG_7967.JPG,UNREVIEWED,,,,,,,,,,,,,,,,,,DG-007,,FALSE,
086,IMG_7968.JPG,KKN RA AL KAUTSAR/IMG_7968.JPG,UNREVIEWED,,,,,,,,,,,,,,,,,,DG-007,,FALSE,
087,IMG_7969.JPG,KKN RA AL KAUTSAR/IMG_7969.JPG,UNREVIEWED,,,,,,,,,,,,,,,,,,DG-007,,FALSE,
088,IMG_7970.JPG,KKN RA AL KAUTSAR/IMG_7970.JPG,UNREVIEWED,,,,,,,,,,,,,,,,,,DG-007,,FALSE,
089,IMG_7971.JPG,KKN RA AL KAUTSAR/IMG_7971.JPG,UNREVIEWED,,,,,,,,,,,,,,,,,,DG-007,,FALSE,
090,IMG_7972.JPG,KKN RA AL KAUTSAR/IMG_7972.JPG,UNREVIEWED,,,,,,,,,,,,,,,,,,DG-007,,FALSE,
091,IMG_7973.JPG,KKN RA AL KAUTSAR/IMG_7973.JPG,UNREVIEWED,,,,,,,,,,,,,,,,,,DG-007,,FALSE,
092,IMG_7974.JPG,KKN RA AL KAUTSAR/IMG_7974.JPG,UNREVIEWED,,,,,,,,,,,,,,,,,,DG-007,,FALSE,
093,IMG_7975.JPG,KKN RA AL KAUTSAR/IMG_7975.JPG,UNREVIEWED,,,,,,,,,,,,,,,,,,DG-007,,FALSE,
094,IMG_7976.JPG,KKN RA AL KAUTSAR/IMG_7976.JPG,UNREVIEWED,,,,,,,,,,,,,,,,,,DG-007,,FALSE,
095,IMG_7977.JPG,KKN RA AL KAUTSAR/IMG_7977.JPG,UNREVIEWED,,,,,,,,,,,,,,,,,,DG-007,,FALSE,
096,IMG_7978.JPG,KKN RA AL KAUTSAR/IMG_7978.JPG,UNREVIEWED,,,,,,,,,,,,,,,,,,DG-007,,FALSE,
097,IMG_7979.JPG,KKN RA AL KAUTSAR/IMG_7979.JPG,UNREVIEWED,,,,,,,,,,,,,,,,,,DG-007,,FALSE,
098,IMG_7980.JPG,KKN RA AL KAUTSAR/IMG_7980.JPG,UNREVIEWED,,,,,,,,,,,,,,,,,,DG-007,,FALSE,
099,IMG_7981.JPG,KKN RA AL KAUTSAR/IMG_7981.JPG,UNREVIEWED,,,,,,,,,,,,,,,,,,DG-007,,FALSE,
100,IMG_7982.JPG,KKN RA AL KAUTSAR/IMG_7982.JPG,UNREVIEWED,,,,,,,,,,,,,,,,,,DG-007,,FALSE,
101,IMG_7983.JPG,KKN RA AL KAUTSAR/IMG_7983.JPG,UNREVIEWED,,,,,,,,,,,,,,,,,,DG-007,,FALSE,
102,IMG_7984.JPG,KKN RA AL KAUTSAR/IMG_7984.JPG,UNREVIEWED,,,,,,,,,,,,,,,,,,DG-007,,FALSE,
103,IMG_7985.JPG,KKN RA AL KAUTSAR/IMG_7985.JPG,UNREVIEWED,,,,,,,,,,,,,,,,,,DG-007,,FALSE,
104,IMG_7987.JPG,KKN RA AL KAUTSAR/IMG_7987.JPG,UNREVIEWED,,,,,,,,,,,,,,,,,,DG-007,,FALSE,
105,IMG_7988.JPG,KKN RA AL KAUTSAR/IMG_7988.JPG,UNREVIEWED,,,,,,,,,,,,,,,,,,DG-007,,FALSE,
106,IMG_7989.JPG,KKN RA AL KAUTSAR/IMG_7989.JPG,UNREVIEWED,,,,,,,,,,,,,,,,,,DG-007,,FALSE,
107,IMG_7990.JPG,KKN RA AL KAUTSAR/IMG_7990.JPG,UNREVIEWED,,,,,,,,,,,,,,,,,,DG-007,,FALSE,
108,IMG_7991.JPG,KKN RA AL KAUTSAR/IMG_7991.JPG,UNREVIEWED,,,,,,,,,,,,,,,,,,DG-007,,FALSE,
109,IMG_7992.JPG,KKN RA AL KAUTSAR/IMG_7992.JPG,UNREVIEWED,,,,,,,,,,,,,,,,,,DG-007,,FALSE,
110,IMG_7993.JPG,KKN RA AL KAUTSAR/IMG_7993.JPG,UNREVIEWED,,,,,,,,,,,,,,,,,,DG-007,,FALSE,
111,IMG_7994.JPG,KKN RA AL KAUTSAR/IMG_7994.JPG,UNREVIEWED,,,,,,,,,,,,,,,,,,DG-007,,FALSE,
112,IMG_7995.JPG,KKN RA AL KAUTSAR/IMG_7995.JPG,UNREVIEWED,,,,,,,,,,,,,,,,,,DG-007,,FALSE,
113,IMG_7996.JPG,KKN RA AL KAUTSAR/IMG_7996.JPG,UNREVIEWED,,,,,,,,,,,,,,,,,,DG-007,,FALSE,
114,IMG_7997.JPG,KKN RA AL KAUTSAR/IMG_7997.JPG,UNREVIEWED,,,,,,,,,,,,,,,,,,DG-007,,FALSE,
115,IMG_7998.JPG,KKN RA AL KAUTSAR/IMG_7998.JPG,UNREVIEWED,,,,,,,,,,,,,,,,,,DG-007,,FALSE,
116,IMG_7999.JPG,KKN RA AL KAUTSAR/IMG_7999.JPG,UNREVIEWED,,,,,,,,,,,,,,,,,,DG-007,,FALSE,
117,IMG_8000.JPG,KKN RA AL KAUTSAR/IMG_8000.JPG,UNREVIEWED,,,,,,,,,,,,,,,,,,DG-008,,FALSE,
118,IMG_8001.JPG,KKN RA AL KAUTSAR/IMG_8001.JPG,UNREVIEWED,,,,,,,,,,,,,,,,,,DG-008,,FALSE,
119,IMG_8002.JPG,KKN RA AL KAUTSAR/IMG_8002.JPG,UNREVIEWED,,,,,,,,,,,,,,,,,,DG-008,,FALSE,
120,IMG_8003.JPG,KKN RA AL KAUTSAR/IMG_8003.JPG,UNREVIEWED,,,,,,,,,,,,,,,,,,DG-008,,FALSE,
121,IMG_8004.JPG,KKN RA AL KAUTSAR/IMG_8004.JPG,UNREVIEWED,,,,,,,,,,,,,,,,,,DG-008,,FALSE,
122,IMG_8005.JPG,KKN RA AL KAUTSAR/IMG_8005.JPG,UNREVIEWED,,,,,,,,,,,,,,,,,,DG-008,,FALSE,
123,IMG_8007.JPG,KKN RA AL KAUTSAR/IMG_8007.JPG,UNREVIEWED,,,,,,,,,,,,,,,,,,DG-008,,FALSE,
124,IMG_8008.JPG,KKN RA AL KAUTSAR/IMG_8008.JPG,UNREVIEWED,,,,,,,,,,,,,,,,,,DG-008,,FALSE,
125,IMG_8009.JPG,KKN RA AL KAUTSAR/IMG_8009.JPG,UNREVIEWED,,,,,,,,,,,,,,,,,,DG-008,,FALSE,
126,IMG_8010.JPG,KKN RA AL KAUTSAR/IMG_8010.JPG,UNREVIEWED,,,,,,,,,,,,,,,,,,DG-008,,FALSE,
127,IMG_8011.JPG,KKN RA AL KAUTSAR/IMG_8011.JPG,UNREVIEWED,,,,,,,,,,,,,,,,,,DG-008,,FALSE,
128,IMG_8012.JPG,KKN RA AL KAUTSAR/IMG_8012.JPG,UNREVIEWED,,,,,,,,,,,,,,,,,,DG-008,,FALSE,
129,IMG_8013.JPG,KKN RA AL KAUTSAR/IMG_8013.JPG,UNREVIEWED,,,,,,,,,,,,,,,,,,DG-008,,FALSE,
130,IMG_8014.JPG,KKN RA AL KAUTSAR/IMG_8014.JPG,UNREVIEWED,,,,,,,,,,,,,,,,,,DG-008,,FALSE,
131,IMG_8015.JPG,KKN RA AL KAUTSAR/IMG_8015.JPG,UNREVIEWED,,,,,,,,,,,,,,,,,,DG-008,,FALSE,
132,IMG_8016.JPG,KKN RA AL KAUTSAR/IMG_8016.JPG,UNREVIEWED,,,,,,,,,,,,,,,,,,DG-008,,FALSE,
133,IMG_8017.JPG,KKN RA AL KAUTSAR/IMG_8017.JPG,UNREVIEWED,,,,,,,,,,,,,,,,,,DG-008,,FALSE,
134,IMG_8018.JPG,KKN RA AL KAUTSAR/IMG_8018.JPG,UNREVIEWED,,,,,,,,,,,,,,,,,,DG-008,,FALSE,
135,IMG_8019.JPG,KKN RA AL KAUTSAR/IMG_8019.JPG,UNREVIEWED,,,,,,,,,,,,,,,,,,DG-008,,FALSE,
136,IMG_8020.JPG,KKN RA AL KAUTSAR/IMG_8020.JPG,UNREVIEWED,,,,,,,,,,,,,,,,,,DG-008,,FALSE,
137,IMG_8021.JPG,KKN RA AL KAUTSAR/IMG_8021.JPG,UNREVIEWED,,,,,,,,,,,,,,,,,,DG-008,,FALSE,
138,IMG_8022.JPG,KKN RA AL KAUTSAR/IMG_8022.JPG,UNREVIEWED,,,,,,,,,,,,,,,,,,DG-008,,FALSE,
139,IMG_8023.JPG,KKN RA AL KAUTSAR/IMG_8023.JPG,UNREVIEWED,,,,,,,,,,,,,,,,,,DG-008,,FALSE,
140,IMG_8024.JPG,KKN RA AL KAUTSAR/IMG_8024.JPG,UNREVIEWED,,,,,,,,,,,,,,,,,,DG-008,,FALSE,
141,IMG_8025.JPG,KKN RA AL KAUTSAR/IMG_8025.JPG,UNREVIEWED,,,,,,,,,,,,,,,,,,DG-008,,FALSE,
142,IMG_8026.JPG,KKN RA AL KAUTSAR/IMG_8026.JPG,UNREVIEWED,,,,,,,,,,,,,,,,,,DG-008,,FALSE,
143,IMG_8027.JPG,KKN RA AL KAUTSAR/IMG_8027.JPG,UNREVIEWED,,,,,,,,,,,,,,,,,,DG-008,,FALSE,
144,IMG_8028.JPG,KKN RA AL KAUTSAR/IMG_8028.JPG,UNREVIEWED,,,,,,,,,,,,,,,,,,DG-008,,FALSE,
145,IMG_8029.JPG,KKN RA AL KAUTSAR/IMG_8029.JPG,UNREVIEWED,,,,,,,,,,,,,,,,,,DG-008,,FALSE,
146,IMG_8030.JPG,KKN RA AL KAUTSAR/IMG_8030.JPG,UNREVIEWED,,,,,,,,,,,,,,,,,,DG-008,,FALSE,
147,IMG_8031.JPG,KKN RA AL KAUTSAR/IMG_8031.JPG,UNREVIEWED,,,,,,,,,,,,,,,,,,DG-008,,FALSE,
148,IMG_8032.JPG,KKN RA AL KAUTSAR/IMG_8032.JPG,UNREVIEWED,,,,,,,,,,,,,,,,,,DG-008,,FALSE,
149,IMG_8033.JPG,KKN RA AL KAUTSAR/IMG_8033.JPG,UNREVIEWED,,,,,,,,,,,,,,,,,,DG-008,,FALSE,
150,IMG_8034.JPG,KKN RA AL KAUTSAR/IMG_8034.JPG,UNREVIEWED,,,,,,,,,,,,,,,,,,DG-008,,FALSE,
151,IMG_8035.JPG,KKN RA AL KAUTSAR/IMG_8035.JPG,UNREVIEWED,,,,,,,,,,,,,,,,,,DG-008,,FALSE,
152,IMG_8036.JPG,KKN RA AL KAUTSAR/IMG_8036.JPG,UNREVIEWED,,,,,,,,,,,,,,,,,,DG-008,,FALSE,
153,IMG_8037.JPG,KKN RA AL KAUTSAR/IMG_8037.JPG,UNREVIEWED,,,,,,,,,,,,,,,,,,DG-008,,FALSE,
154,IMG_8038.JPG,KKN RA AL KAUTSAR/IMG_8038.JPG,UNREVIEWED,,,,,,,,,,,,,,,,,,DG-008,,FALSE,
155,IMG_8039.JPG,KKN RA AL KAUTSAR/IMG_8039.JPG,UNREVIEWED,,,,,,,,,,,,,,,,,,DG-008,,FALSE,
156,IMG_8040.JPG,KKN RA AL KAUTSAR/IMG_8040.JPG,UNREVIEWED,,,,,,,,,,,,,,,,,,DG-008,,FALSE,
157,IMG_8041.JPG,KKN RA AL KAUTSAR/IMG_8041.JPG,UNREVIEWED,,,,,,,,,,,,,,,,,,DG-008,,FALSE,
158,IMG_8042.JPG,KKN RA AL KAUTSAR/IMG_8042.JPG,UNREVIEWED,,,,,,,,,,,,,,,,,,DG-008,,FALSE,
159,IMG_8043.JPG,KKN RA AL KAUTSAR/IMG_8043.JPG,UNREVIEWED,,,,,,,,,,,,,,,,,,DG-008,,FALSE,
160,IMG_8044.JPG,KKN RA AL KAUTSAR/IMG_8044.JPG,UNREVIEWED,,,,,,,,,,,,,,,,,,DG-008,,FALSE,
161,IMG_8045.JPG,KKN RA AL KAUTSAR/IMG_8045.JPG,UNREVIEWED,,,,,,,,,,,,,,,,,,DG-008,,FALSE,
162,IMG_8046.JPG,KKN RA AL KAUTSAR/IMG_8046.JPG,UNREVIEWED,,,,,,,,,,,,,,,,,,DG-008,,FALSE,
163,IMG_8047.JPG,KKN RA AL KAUTSAR/IMG_8047.JPG,UNREVIEWED,,,,,,,,,,,,,,,,,,DG-008,,FALSE,
164,IMG_8048.JPG,KKN RA AL KAUTSAR/IMG_8048.JPG,UNREVIEWED,,,,,,,,,,,,,,,,,,DG-008,,FALSE,
165,IMG_8049.JPG,KKN RA AL KAUTSAR/IMG_8049.JPG,UNREVIEWED,,,,,,,,,,,,,,,,,,DG-008,,FALSE,
166,IMG_8050.JPG,KKN RA AL KAUTSAR/IMG_8050.JPG,UNREVIEWED,,,,,,,,,,,,,,,,,,DG-008,,FALSE,
167,IMG_8051.JPG,KKN RA AL KAUTSAR/IMG_8051.JPG,UNREVIEWED,,,,,,,,,,,,,,,,,,DG-008,,FALSE,
168,IMG_8052.JPG,KKN RA AL KAUTSAR/IMG_8052.JPG,UNREVIEWED,,,,,,,,,,,,,,,,,,DG-008,,FALSE,
169,IMG_8053.JPG,KKN RA AL KAUTSAR/IMG_8053.JPG,UNREVIEWED,,,,,,,,,,,,,,,,,,DG-008,,FALSE,
170,IMG_8054.JPG,KKN RA AL KAUTSAR/IMG_8054.JPG,UNREVIEWED,,,,,,,,,,,,,,,,,,DG-008,,FALSE,
171,IMG_8055.JPG,KKN RA AL KAUTSAR/IMG_8055.JPG,UNREVIEWED,,,,,,,,,,,,,,,,,,DG-008,,FALSE,
172,IMG_8056.JPG,KKN RA AL KAUTSAR/IMG_8056.JPG,UNREVIEWED,,,,,,,,,,,,,,,,,,DG-008,,FALSE,
173,IMG_8263.JPG,KKN X TK TUNAS HARAPAN/TK TUNAS HARAPAN/IMG_8263.JPG,UNREVIEWED,,,,,,,,,,,,,,,,,,,,FALSE,
174,IMG_8339.JPG,KKN X TK TUNAS HARAPAN/TK TUNAS HARAPAN/IMG_8339.JPG,UNREVIEWED,,,,,,,,,,,,,,,,,,DG-009,,FALSE,
175,IMG_8354.JPG,KKN X TK TUNAS HARAPAN/TK TUNAS HARAPAN/IMG_8354.JPG,UNREVIEWED,,,,,,,,,,,,,,,,,,DG-009,,FALSE,
176,IMG_8355.JPG,KKN X TK TUNAS HARAPAN/TK TUNAS HARAPAN/IMG_8355.JPG,UNREVIEWED,,,,,,,,,,,,,,,,,,DG-009,,FALSE,
177,IMG_8356.JPG,KKN X TK TUNAS HARAPAN/TK TUNAS HARAPAN/IMG_8356.JPG,UNREVIEWED,,,,,,,,,,,,,,,,,,DG-009,,FALSE,
178,IMG_8591.JPG,KOLASE KERTAS WARNA SD 010/IMG_8591.JPG,UNREVIEWED,,,,,,,,,,,,,,,,,,DG-010,,FALSE,
179,IMG_8592.JPG,KOLASE KERTAS WARNA SD 010/IMG_8592.JPG,UNREVIEWED,,,,,,,,,,,,,,,,,,DG-010,,FALSE,
180,IMG_8593.JPG,KOLASE KERTAS WARNA SD 010/IMG_8593.JPG,UNREVIEWED,,,,,,,,,,,,,,,,,,DG-010,,FALSE,
181,IMG_8594.JPG,KOLASE KERTAS WARNA SD 010/IMG_8594.JPG,UNREVIEWED,,,,,,,,,,,,,,,,,,DG-010,,FALSE,
182,IMG_8595.JPG,KOLASE KERTAS WARNA SD 010/IMG_8595.JPG,UNREVIEWED,,,,,,,,,,,,,,,,,,DG-010,,FALSE,
183,IMG_8596.JPG,KOLASE KERTAS WARNA SD 010/IMG_8596.JPG,UNREVIEWED,,,,,,,,,,,,,,,,,,DG-010,,FALSE,
184,IMG_8597.JPG,KOLASE KERTAS WARNA SD 010/IMG_8597.JPG,UNREVIEWED,,,,,,,,,,,,,,,,,,DG-010,,FALSE,
185,IMG_8598.JPG,KOLASE KERTAS WARNA SD 010/IMG_8598.JPG,UNREVIEWED,,,,,,,,,,,,,,,,,,DG-010,,FALSE,
186,IMG_8599.JPG,KOLASE KERTAS WARNA SD 010/IMG_8599.JPG,UNREVIEWED,,,,,,,,,,,,,,,,,,DG-010,,FALSE,
187,IMG_8600.JPG,KOLASE KERTAS WARNA SD 010/IMG_8600.JPG,UNREVIEWED,,,,,,,,,,,,,,,,,,DG-011,,FALSE,
188,IMG_8603.JPG,KOLASE KERTAS WARNA SD 010/IMG_8603.JPG,UNREVIEWED,,,,,,,,,,,,,,,,,,DG-011,,FALSE,
189,IMG_8604.JPG,KOLASE KERTAS WARNA SD 010/IMG_8604.JPG,UNREVIEWED,,,,,,,,,,,,,,,,,,DG-011,,FALSE,
190,IMG_8605.JPG,KOLASE KERTAS WARNA SD 010/IMG_8605.JPG,UNREVIEWED,,,,,,,,,,,,,,,,,,DG-011,,FALSE,
191,IMG_8606.JPG,KOLASE KERTAS WARNA SD 010/IMG_8606.JPG,UNREVIEWED,,,,,,,,,,,,,,,,,,DG-011,,FALSE,
192,IMG_8607.JPG,KOLASE KERTAS WARNA SD 010/IMG_8607.JPG,UNREVIEWED,,,,,,,,,,,,,,,,,,DG-011,,FALSE,
193,IMG_8608.JPG,KOLASE KERTAS WARNA SD 010/IMG_8608.JPG,UNREVIEWED,,,,,,,,,,,,,,,,,,DG-011,,FALSE,
194,IMG_8610.JPG,KOLASE KERTAS WARNA SD 010/IMG_8610.JPG,UNREVIEWED,,,,,,,,,,,,,,,,,,DG-011,,FALSE,
195,IMG_8611.JPG,KOLASE KERTAS WARNA SD 010/IMG_8611.JPG,UNREVIEWED,,,,,,,,,,,,,,,,,,DG-011,,FALSE,
196,IMG_8616.JPG,KOLASE KERTAS WARNA SD 010/IMG_8616.JPG,UNREVIEWED,,,,,,,,,,,,,,,,,,DG-011,,FALSE,
197,IMG_8617.JPG,KOLASE KERTAS WARNA SD 010/IMG_8617.JPG,UNREVIEWED,,,,,,,,,,,,,,,,,,DG-011,,FALSE,
198,IMG_8618.JPG,KOLASE KERTAS WARNA SD 010/IMG_8618.JPG,UNREVIEWED,,,,,,,,,,,,,,,,,,DG-011,,FALSE,
199,IMG_8619.JPG,KOLASE KERTAS WARNA SD 010/IMG_8619.JPG,UNREVIEWED,,,,,,,,,,,,,,,,,,DG-011,,FALSE,
200,IMG_8620.JPG,KOLASE KERTAS WARNA SD 010/IMG_8620.JPG,UNREVIEWED,,,,,,,,,,,,,,,,,,DG-011,,FALSE,
201,IMG_8621.JPG,KOLASE KERTAS WARNA SD 010/IMG_8621.JPG,UNREVIEWED,,,,,,,,,,,,,,,,,,DG-011,,FALSE,
202,IMG_8622.JPG,KOLASE KERTAS WARNA SD 010/IMG_8622.JPG,UNREVIEWED,,,,,,,,,,,,,,,,,,DG-011,,FALSE,
203,IMG_8623.JPG,KOLASE KERTAS WARNA SD 010/IMG_8623.JPG,UNREVIEWED,,,,,,,,,,,,,,,,,,DG-011,,FALSE,
204,IMG_8624.JPG,KOLASE KERTAS WARNA SD 010/IMG_8624.JPG,UNREVIEWED,,,,,,,,,,,,,,,,,,DG-011,,FALSE,
205,IMG_8625.JPG,KOLASE KERTAS WARNA SD 010/IMG_8625.JPG,UNREVIEWED,,,,,,,,,,,,,,,,,,DG-011,,FALSE,
206,IMG_8626.JPG,KOLASE KERTAS WARNA SD 010/IMG_8626.JPG,UNREVIEWED,,,,,,,,,,,,,,,,,,DG-011,,FALSE,
207,IMG_8627.JPG,KOLASE KERTAS WARNA SD 010/IMG_8627.JPG,UNREVIEWED,,,,,,,,,,,,,,,,,,DG-011,,FALSE,
208,IMG_8628.JPG,KOLASE KERTAS WARNA SD 010/IMG_8628.JPG,UNREVIEWED,,,,,,,,,,,,,,,,,,DG-011,,FALSE,
209,IMG_8629.JPG,KOLASE KERTAS WARNA SD 010/IMG_8629.JPG,UNREVIEWED,,,,,,,,,,,,,,,,,,DG-011,,FALSE,
210,IMG_8631.JPG,KOLASE KERTAS WARNA SD 010/IMG_8631.JPG,UNREVIEWED,,,,,,,,,,,,,,,,,,DG-011,,FALSE,
211,IMG_8632.JPG,KOLASE KERTAS WARNA SD 010/IMG_8632.JPG,UNREVIEWED,,,,,,,,,,,,,,,,,,DG-011,,FALSE,
212,IMG_8633.JPG,KOLASE KERTAS WARNA SD 010/IMG_8633.JPG,UNREVIEWED,,,,,,,,,,,,,,,,,,DG-011,,FALSE,
213,IMG_8634.JPG,KOLASE KERTAS WARNA SD 010/IMG_8634.JPG,UNREVIEWED,,,,,,,,,,,,,,,,,,DG-011,,FALSE,
214,IMG_8635.JPG,KOLASE KERTAS WARNA SD 010/IMG_8635.JPG,UNREVIEWED,,,,,,,,,,,,,,,,,,DG-011,,FALSE,
215,IMG_8636.JPG,KOLASE KERTAS WARNA SD 010/IMG_8636.JPG,UNREVIEWED,,,,,,,,,,,,,,,,,,DG-011,,FALSE,
216,IMG_8637.JPG,KOLASE KERTAS WARNA SD 010/IMG_8637.JPG,UNREVIEWED,,,,,,,,,,,,,,,,,,DG-011,,FALSE,
217,IMG_8638.JPG,KOLASE KERTAS WARNA SD 010/IMG_8638.JPG,UNREVIEWED,,,,,,,,,,,,,,,,,,DG-011,,FALSE,
218,IMG_8639.JPG,KOLASE KERTAS WARNA SD 010/IMG_8639.JPG,UNREVIEWED,,,,,,,,,,,,,,,,,,DG-011,,FALSE,
219,IMG_8640.JPG,KOLASE KERTAS WARNA SD 010/IMG_8640.JPG,UNREVIEWED,,,,,,,,,,,,,,,,,,DG-011,,FALSE,
220,IMG_8641.JPG,KOLASE KERTAS WARNA SD 010/IMG_8641.JPG,UNREVIEWED,,,,,,,,,,,,,,,,,,DG-011,,FALSE,
221,IMG_8642.JPG,KOLASE KERTAS WARNA SD 010/IMG_8642.JPG,UNREVIEWED,,,,,,,,,,,,,,,,,,DG-011,,FALSE,
222,IMG_8645.JPG,KOLASE KERTAS WARNA SD 010/IMG_8645.JPG,UNREVIEWED,,,,,,,,,,,,,,,,,,DG-011,,FALSE,
223,IMG_8646.JPG,KOLASE KERTAS WARNA SD 010/IMG_8646.JPG,UNREVIEWED,,,,,,,,,,,,,,,,,,DG-011,,FALSE,
224,IMG_8647.JPG,KOLASE KERTAS WARNA SD 010/IMG_8647.JPG,UNREVIEWED,,,,,,,,,,,,,,,,,,DG-011,,FALSE,
225,IMG_8648.JPG,KOLASE KERTAS WARNA SD 010/IMG_8648.JPG,UNREVIEWED,,,,,,,,,,,,,,,,,,DG-011,,FALSE,
226,IMG_8649.JPG,KOLASE KERTAS WARNA SD 010/IMG_8649.JPG,UNREVIEWED,,,,,,,,,,,,,,,,,,DG-011,,FALSE,
227,IMG_8650.JPG,KOLASE KERTAS WARNA SD 010/IMG_8650.JPG,UNREVIEWED,,,,,,,,,,,,,,,,,,DG-011,,FALSE,
228,IMG_8651.JPG,KOLASE KERTAS WARNA SD 010/IMG_8651.JPG,UNREVIEWED,,,,,,,,,,,,,,,,,,DG-011,,FALSE,
229,IMG_8652.JPG,KOLASE KERTAS WARNA SD 010/IMG_8652.JPG,UNREVIEWED,,,,,,,,,,,,,,,,,,DG-011,,FALSE,
230,IMG_8653.JPG,KOLASE KERTAS WARNA SD 010/IMG_8653.JPG,UNREVIEWED,,,,,,,,,,,,,,,,,,DG-011,,FALSE,
231,IMG_8654.JPG,KOLASE KERTAS WARNA SD 010/IMG_8654.JPG,UNREVIEWED,,,,,,,,,,,,,,,,,,DG-011,,FALSE,
232,IMG_8655.JPG,KOLASE KERTAS WARNA SD 010/IMG_8655.JPG,UNREVIEWED,,,,,,,,,,,,,,,,,,DG-011,,FALSE,
233,IMG_8656.JPG,KOLASE KERTAS WARNA SD 010/IMG_8656.JPG,UNREVIEWED,,,,,,,,,,,,,,,,,,DG-011,,FALSE,
234,IMG_8657.JPG,KOLASE KERTAS WARNA SD 010/IMG_8657.JPG,UNREVIEWED,,,,,,,,,,,,,,,,,,DG-011,,FALSE,
235,IMG_8658.JPG,KOLASE KERTAS WARNA SD 010/IMG_8658.JPG,UNREVIEWED,,,,,,,,,,,,,,,,,,DG-011,,FALSE,
236,IMG_8659.JPG,KOLASE KERTAS WARNA SD 010/IMG_8659.JPG,UNREVIEWED,,,,,,,,,,,,,,,,,,DG-011,,FALSE,
237,IMG_8660.JPG,KOLASE KERTAS WARNA SD 010/IMG_8660.JPG,UNREVIEWED,,,,,,,,,,,,,,,,,,DG-011,,FALSE,
238,IMG_8661.JPG,KOLASE KERTAS WARNA SD 010/IMG_8661.JPG,UNREVIEWED,,,,,,,,,,,,,,,,,,DG-011,,FALSE,
239,IMG_8662.JPG,KOLASE KERTAS WARNA SD 010/IMG_8662.JPG,UNREVIEWED,,,,,,,,,,,,,,,,,,DG-011,,FALSE,
240,IMG_8663.JPG,KOLASE KERTAS WARNA SD 010/IMG_8663.JPG,UNREVIEWED,,,,,,,,,,,,,,,,,,DG-011,,FALSE,
241,IMG_8664.JPG,KOLASE KERTAS WARNA SD 010/IMG_8664.JPG,UNREVIEWED,,,,,,,,,,,,,,,,,,DG-011,,FALSE,
242,IMG_8666.JPG,KOLASE KERTAS WARNA SD 010/IMG_8666.JPG,UNREVIEWED,,,,,,,,,,,,,,,,,,DG-011,,FALSE,
243,IMG_8667.JPG,KOLASE KERTAS WARNA SD 010/IMG_8667.JPG,UNREVIEWED,,,,,,,,,,,,,,,,,,DG-011,,FALSE,
244,IMG_8669.JPG,KOLASE KERTAS WARNA SD 010/IMG_8669.JPG,UNREVIEWED,,,,,,,,,,,,,,,,,,DG-011,,FALSE,
245,IMG_8670.JPG,KOLASE KERTAS WARNA SD 010/IMG_8670.JPG,UNREVIEWED,,,,,,,,,,,,,,,,,,DG-011,,FALSE,
246,IMG_8671.JPG,KOLASE KERTAS WARNA SD 010/IMG_8671.JPG,UNREVIEWED,,,,,,,,,,,,,,,,,,DG-011,,FALSE,
247,IMG_8672.JPG,KOLASE KERTAS WARNA SD 010/IMG_8672.JPG,UNREVIEWED,,,,,,,,,,,,,,,,,,DG-011,,FALSE,
248,IMG_8674.JPG,KOLASE KERTAS WARNA SD 010/IMG_8674.JPG,UNREVIEWED,,,,,,,,,,,,,,,,,,DG-011,,FALSE,
249,IMG_8675.JPG,KOLASE KERTAS WARNA SD 010/IMG_8675.JPG,UNREVIEWED,,,,,,,,,,,,,,,,,,DG-011,,FALSE,
250,IMG_8676.JPG,KOLASE KERTAS WARNA SD 010/IMG_8676.JPG,UNREVIEWED,,,,,,,,,,,,,,,,,,DG-011,,FALSE,
251,IMG_8678.JPG,KOLASE KERTAS WARNA SD 010/IMG_8678.JPG,UNREVIEWED,,,,,,,,,,,,,,,,,,DG-011,,FALSE,
252,IMG_8679.JPG,KOLASE KERTAS WARNA SD 010/IMG_8679.JPG,UNREVIEWED,,,,,,,,,,,,,,,,,,DG-011,,FALSE,
253,IMG_8680.JPG,KOLASE KERTAS WARNA SD 010/IMG_8680.JPG,UNREVIEWED,,,,,,,,,,,,,,,,,,DG-011,,FALSE,
254,IMG_8681.JPG,KOLASE KERTAS WARNA SD 010/IMG_8681.JPG,UNREVIEWED,,,,,,,,,,,,,,,,,,DG-011,,FALSE,
255,IMG_8682.JPG,KOLASE KERTAS WARNA SD 010/IMG_8682.JPG,UNREVIEWED,,,,,,,,,,,,,,,,,,DG-011,,FALSE,
256,IMG_8683.JPG,KOLASE KERTAS WARNA SD 010/IMG_8683.JPG,UNREVIEWED,,,,,,,,,,,,,,,,,,DG-011,,FALSE,
257,IMG_8684.JPG,KOLASE KERTAS WARNA SD 010/IMG_8684.JPG,UNREVIEWED,,,,,,,,,,,,,,,,,,DG-011,,FALSE,
258,IMG_8686.JPG,KOLASE KERTAS WARNA SD 010/IMG_8686.JPG,UNREVIEWED,,,,,,,,,,,,,,,,,,DG-011,,FALSE,
259,IMG_8687.JPG,KOLASE KERTAS WARNA SD 010/IMG_8687.JPG,UNREVIEWED,,,,,,,,,,,,,,,,,,DG-011,,FALSE,
260,IMG_8688.JPG,KOLASE KERTAS WARNA SD 010/IMG_8688.JPG,UNREVIEWED,,,,,,,,,,,,,,,,,,DG-011,,FALSE,
261,IMG_8689.JPG,KOLASE KERTAS WARNA SD 010/IMG_8689.JPG,UNREVIEWED,,,,,,,,,,,,,,,,,,DG-011,,FALSE,
262,IMG_8691.JPG,KOLASE KERTAS WARNA SD 010/IMG_8691.JPG,UNREVIEWED,,,,,,,,,,,,,,,,,,DG-011,,FALSE,
263,IMG_8692.JPG,KOLASE KERTAS WARNA SD 010/IMG_8692.JPG,UNREVIEWED,,,,,,,,,,,,,,,,,,DG-011,,FALSE,
264,IMG_8694.JPG,KOLASE KERTAS WARNA SD 010/IMG_8694.JPG,UNREVIEWED,,,,,,,,,,,,,,,,,,DG-011,,FALSE,
265,IMG_8695.JPG,KOLASE KERTAS WARNA SD 010/IMG_8695.JPG,UNREVIEWED,,,,,,,,,,,,,,,,,,DG-011,,FALSE,
266,IMG_8696.JPG,KOLASE KERTAS WARNA SD 010/IMG_8696.JPG,UNREVIEWED,,,,,,,,,,,,,,,,,,DG-011,,FALSE,
267,IMG_8698.JPG,KOLASE KERTAS WARNA SD 010/IMG_8698.JPG,UNREVIEWED,,,,,,,,,,,,,,,,,,DG-011,,FALSE,
268,IMG_8699.JPG,KOLASE KERTAS WARNA SD 010/IMG_8699.JPG,UNREVIEWED,,,,,,,,,,,,,,,,,,DG-011,,FALSE,
269,IMG_8701.JPG,KOLASE KERTAS WARNA SD 010/IMG_8701.JPG,UNREVIEWED,,,,,,,,,,,,,,,,,,DG-012,,FALSE,
270,IMG_8702.JPG,KOLASE KERTAS WARNA SD 010/IMG_8702.JPG,UNREVIEWED,,,,,,,,,,,,,,,,,,DG-012,,FALSE,
271,IMG_8703.JPG,KOLASE KERTAS WARNA SD 010/IMG_8703.JPG,UNREVIEWED,,,,,,,,,,,,,,,,,,DG-012,,FALSE,
272,IMG_8704.JPG,KOLASE KERTAS WARNA SD 010/IMG_8704.JPG,UNREVIEWED,,,,,,,,,,,,,,,,,,DG-012,,FALSE,
273,IMG_8707.JPG,KOLASE KERTAS WARNA SD 010/IMG_8707.JPG,UNREVIEWED,,,,,,,,,,,,,,,,,,DG-012,,FALSE,
274,IMG_8708.JPG,KOLASE KERTAS WARNA SD 010/IMG_8708.JPG,UNREVIEWED,,,,,,,,,,,,,,,,,,DG-012,,FALSE,
275,IMG_8709.JPG,KOLASE KERTAS WARNA SD 010/IMG_8709.JPG,UNREVIEWED,,,,,,,,,,,,,,,,,,DG-012,,FALSE,
276,IMG_8710.JPG,KOLASE KERTAS WARNA SD 010/IMG_8710.JPG,UNREVIEWED,,,,,,,,,,,,,,,,,,DG-012,,FALSE,
277,IMG_8711.JPG,KOLASE KERTAS WARNA SD 010/IMG_8711.JPG,UNREVIEWED,,,,,,,,,,,,,,,,,,DG-012,,FALSE,
278,IMG_8712.JPG,KOLASE KERTAS WARNA SD 010/IMG_8712.JPG,UNREVIEWED,,,,,,,,,,,,,,,,,,DG-012,,FALSE,
279,IMG_8713.JPG,KOLASE KERTAS WARNA SD 010/IMG_8713.JPG,UNREVIEWED,,,,,,,,,,,,,,,,,,DG-012,,FALSE,
280,IMG_8714.JPG,KOLASE KERTAS WARNA SD 010/IMG_8714.JPG,UNREVIEWED,,,,,,,,,,,,,,,,,,DG-012,,FALSE,
281,IMG_8715.JPG,KOLASE KERTAS WARNA SD 010/IMG_8715.JPG,UNREVIEWED,,,,,,,,,,,,,,,,,,DG-012,,FALSE,
282,IMG_8716.JPG,KOLASE KERTAS WARNA SD 010/IMG_8716.JPG,UNREVIEWED,,,,,,,,,,,,,,,,,,DG-012,,FALSE,
283,IMG_8721.JPG,KOLASE KERTAS WARNA SD 010/IMG_8721.JPG,UNREVIEWED,,,,,,,,,,,,,,,,,,DG-012,,FALSE,
284,IMG_8722.JPG,KOLASE KERTAS WARNA SD 010/IMG_8722.JPG,UNREVIEWED,,,,,,,,,,,,,,,,,,DG-012,,FALSE,
285,IMG_8437.JPG,KOLASE SAMPAH PLASTIK 008/IMG_8437.JPG,UNREVIEWED,,,,,,,,,,,,,,,,,,DG-013,,FALSE,
286,IMG_8438.JPG,KOLASE SAMPAH PLASTIK 008/IMG_8438.JPG,UNREVIEWED,,,,,,,,,,,,,,,,,,DG-013,,FALSE,
287,IMG_8439.JPG,KOLASE SAMPAH PLASTIK 008/IMG_8439.JPG,UNREVIEWED,,,,,,,,,,,,,,,,,,DG-013,,FALSE,
288,IMG_8440.JPG,KOLASE SAMPAH PLASTIK 008/IMG_8440.JPG,UNREVIEWED,,,,,,,,,,,,,,,,,,DG-013,,FALSE,
289,IMG_8441.JPG,KOLASE SAMPAH PLASTIK 008/IMG_8441.JPG,UNREVIEWED,,,,,,,,,,,,,,,,,,DG-013,,FALSE,
290,IMG_8442.JPG,KOLASE SAMPAH PLASTIK 008/IMG_8442.JPG,UNREVIEWED,,,,,,,,,,,,,,,,,,DG-013,,FALSE,
291,IMG_8443.JPG,KOLASE SAMPAH PLASTIK 008/IMG_8443.JPG,UNREVIEWED,,,,,,,,,,,,,,,,,,DG-013,,FALSE,
292,IMG_8444.JPG,KOLASE SAMPAH PLASTIK 008/IMG_8444.JPG,UNREVIEWED,,,,,,,,,,,,,,,,,,DG-013,,FALSE,
293,IMG_8446.JPG,KOLASE SAMPAH PLASTIK 008/IMG_8446.JPG,UNREVIEWED,,,,,,,,,,,,,,,,,,DG-013,,FALSE,
294,IMG_8449.JPG,KOLASE SAMPAH PLASTIK 008/IMG_8449.JPG,UNREVIEWED,,,,,,,,,,,,,,,,,,DG-013,,FALSE,
295,IMG_8450.JPG,KOLASE SAMPAH PLASTIK 008/IMG_8450.JPG,UNREVIEWED,,,,,,,,,,,,,,,,,,DG-013,,FALSE,
296,IMG_8451.JPG,KOLASE SAMPAH PLASTIK 008/IMG_8451.JPG,UNREVIEWED,,,,,,,,,,,,,,,,,,DG-013,,FALSE,
297,IMG_8452.JPG,KOLASE SAMPAH PLASTIK 008/IMG_8452.JPG,UNREVIEWED,,,,,,,,,,,,,,,,,,DG-013,,FALSE,
298,IMG_8453.JPG,KOLASE SAMPAH PLASTIK 008/IMG_8453.JPG,UNREVIEWED,,,,,,,,,,,,,,,,,,DG-013,,FALSE,
299,IMG_8454.JPG,KOLASE SAMPAH PLASTIK 008/IMG_8454.JPG,UNREVIEWED,,,,,,,,,,,,,,,,,,DG-013,,FALSE,
300,IMG_8456.JPG,KOLASE SAMPAH PLASTIK 008/IMG_8456.JPG,UNREVIEWED,,,,,,,,,,,,,,,,,,DG-013,,FALSE,
301,IMG_8458.JPG,KOLASE SAMPAH PLASTIK 008/IMG_8458.JPG,UNREVIEWED,,,,,,,,,,,,,,,,,,DG-013,,FALSE,
302,IMG_8459.JPG,KOLASE SAMPAH PLASTIK 008/IMG_8459.JPG,UNREVIEWED,,,,,,,,,,,,,,,,,,DG-013,,FALSE,
303,IMG_8460.JPG,KOLASE SAMPAH PLASTIK 008/IMG_8460.JPG,UNREVIEWED,,,,,,,,,,,,,,,,,,DG-013,,FALSE,
304,IMG_8462.JPG,KOLASE SAMPAH PLASTIK 008/IMG_8462.JPG,UNREVIEWED,,,,,,,,,,,,,,,,,,DG-013,,FALSE,
305,IMG_8467.JPG,KOLASE SAMPAH PLASTIK 008/IMG_8467.JPG,UNREVIEWED,,,,,,,,,,,,,,,,,,DG-013,,FALSE,
306,IMG_8468.JPG,KOLASE SAMPAH PLASTIK 008/IMG_8468.JPG,UNREVIEWED,,,,,,,,,,,,,,,,,,DG-013,,FALSE,
307,IMG_8470.JPG,KOLASE SAMPAH PLASTIK 008/IMG_8470.JPG,UNREVIEWED,,,,,,,,,,,,,,,,,,DG-013,,FALSE,
308,IMG_8471.JPG,KOLASE SAMPAH PLASTIK 008/IMG_8471.JPG,UNREVIEWED,,,,,,,,,,,,,,,,,,DG-013,,FALSE,
309,IMG_8475.JPG,KOLASE SAMPAH PLASTIK 008/IMG_8475.JPG,UNREVIEWED,,,,,,,,,,,,,,,,,,DG-013,,FALSE,
310,IMG_8477.JPG,KOLASE SAMPAH PLASTIK 008/IMG_8477.JPG,UNREVIEWED,,,,,,,,,,,,,,,,,,DG-013,,FALSE,
311,IMG_8478.JPG,KOLASE SAMPAH PLASTIK 008/IMG_8478.JPG,UNREVIEWED,,,,,,,,,,,,,,,,,,DG-013,,FALSE,
312,IMG_8479.JPG,KOLASE SAMPAH PLASTIK 008/IMG_8479.JPG,UNREVIEWED,,,,,,,,,,,,,,,,,,DG-013,,FALSE,
313,IMG_8481.JPG,KOLASE SAMPAH PLASTIK 008/IMG_8481.JPG,UNREVIEWED,,,,,,,,,,,,,,,,,,DG-013,,FALSE,
314,IMG_8482.JPG,KOLASE SAMPAH PLASTIK 008/IMG_8482.JPG,UNREVIEWED,,,,,,,,,,,,,,,,,,DG-013,,FALSE,
315,IMG_8484.JPG,KOLASE SAMPAH PLASTIK 008/IMG_8484.JPG,UNREVIEWED,,,,,,,,,,,,,,,,,,DG-013,,FALSE,
316,IMG_8485.JPG,KOLASE SAMPAH PLASTIK 008/IMG_8485.JPG,UNREVIEWED,,,,,,,,,,,,,,,,,,DG-013,,FALSE,
317,IMG_8486.JPG,KOLASE SAMPAH PLASTIK 008/IMG_8486.JPG,UNREVIEWED,,,,,,,,,,,,,,,,,,DG-013,,FALSE,
318,IMG_8487.JPG,KOLASE SAMPAH PLASTIK 008/IMG_8487.JPG,UNREVIEWED,,,,,,,,,,,,,,,,,,DG-013,,FALSE,
319,IMG_8488.JPG,KOLASE SAMPAH PLASTIK 008/IMG_8488.JPG,UNREVIEWED,,,,,,,,,,,,,,,,,,DG-013,,FALSE,
320,IMG_8491.JPG,KOLASE SAMPAH PLASTIK 008/IMG_8491.JPG,UNREVIEWED,,,,,,,,,,,,,,,,,,DG-013,,FALSE,
321,IMG_8492.JPG,KOLASE SAMPAH PLASTIK 008/IMG_8492.JPG,UNREVIEWED,,,,,,,,,,,,,,,,,,DG-013,,FALSE,
322,IMG_8493.JPG,KOLASE SAMPAH PLASTIK 008/IMG_8493.JPG,UNREVIEWED,,,,,,,,,,,,,,,,,,DG-013,,FALSE,
323,IMG_8495.JPG,KOLASE SAMPAH PLASTIK 008/IMG_8495.JPG,UNREVIEWED,,,,,,,,,,,,,,,,,,DG-013,,FALSE,
324,IMG_8496.JPG,KOLASE SAMPAH PLASTIK 008/IMG_8496.JPG,UNREVIEWED,,,,,,,,,,,,,,,,,,DG-013,,FALSE,
325,IMG_8497.JPG,KOLASE SAMPAH PLASTIK 008/IMG_8497.JPG,UNREVIEWED,,,,,,,,,,,,,,,,,,DG-013,,FALSE,
326,IMG_8498.JPG,KOLASE SAMPAH PLASTIK 008/IMG_8498.JPG,UNREVIEWED,,,,,,,,,,,,,,,,,,DG-013,,FALSE,
327,IMG_8499.JPG,KOLASE SAMPAH PLASTIK 008/IMG_8499.JPG,UNREVIEWED,,,,,,,,,,,,,,,,,,DG-013,,FALSE,
328,IMG_8500.JPG,KOLASE SAMPAH PLASTIK 008/IMG_8500.JPG,UNREVIEWED,,,,,,,,,,,,,,,,,,DG-014,,FALSE,
329,IMG_8501.JPG,KOLASE SAMPAH PLASTIK 008/IMG_8501.JPG,UNREVIEWED,,,,,,,,,,,,,,,,,,DG-014,,FALSE,
330,IMG_8504.JPG,KOLASE SAMPAH PLASTIK 008/IMG_8504.JPG,UNREVIEWED,,,,,,,,,,,,,,,,,,DG-014,,FALSE,
331,IMG_8507.JPG,KOLASE SAMPAH PLASTIK 008/IMG_8507.JPG,UNREVIEWED,,,,,,,,,,,,,,,,,,DG-014,,FALSE,
332,IMG_8508.JPG,KOLASE SAMPAH PLASTIK 008/IMG_8508.JPG,UNREVIEWED,,,,,,,,,,,,,,,,,,DG-014,,FALSE,
333,IMG_8509.JPG,KOLASE SAMPAH PLASTIK 008/IMG_8509.JPG,UNREVIEWED,,,,,,,,,,,,,,,,,,DG-014,,FALSE,
334,IMG_8510.JPG,KOLASE SAMPAH PLASTIK 008/IMG_8510.JPG,UNREVIEWED,,,,,,,,,,,,,,,,,,DG-014,,FALSE,
335,IMG_8511.JPG,KOLASE SAMPAH PLASTIK 008/IMG_8511.JPG,UNREVIEWED,,,,,,,,,,,,,,,,,,DG-014,,FALSE,
336,IMG_8514.JPG,KOLASE SAMPAH PLASTIK 008/IMG_8514.JPG,UNREVIEWED,,,,,,,,,,,,,,,,,,DG-014,,FALSE,
337,IMG_8515.JPG,KOLASE SAMPAH PLASTIK 008/IMG_8515.JPG,UNREVIEWED,,,,,,,,,,,,,,,,,,DG-014,,FALSE,
338,IMG_8519.JPG,KOLASE SAMPAH PLASTIK 008/IMG_8519.JPG,UNREVIEWED,,,,,,,,,,,,,,,,,,DG-014,,FALSE,
339,IMG_8521.JPG,KOLASE SAMPAH PLASTIK 008/IMG_8521.JPG,UNREVIEWED,,,,,,,,,,,,,,,,,,DG-014,,FALSE,
340,IMG_8522.JPG,KOLASE SAMPAH PLASTIK 008/IMG_8522.JPG,UNREVIEWED,,,,,,,,,,,,,,,,,,DG-014,,FALSE,
341,IMG_8523.JPG,KOLASE SAMPAH PLASTIK 008/IMG_8523.JPG,UNREVIEWED,,,,,,,,,,,,,,,,,,DG-014,,FALSE,
342,IMG_8526.JPG,KOLASE SAMPAH PLASTIK 008/IMG_8526.JPG,UNREVIEWED,,,,,,,,,,,,,,,,,,DG-014,,FALSE,
343,IMG_8527.JPG,KOLASE SAMPAH PLASTIK 008/IMG_8527.JPG,UNREVIEWED,,,,,,,,,,,,,,,,,,DG-014,,FALSE,
344,IMG_8528.JPG,KOLASE SAMPAH PLASTIK 008/IMG_8528.JPG,UNREVIEWED,,,,,,,,,,,,,,,,,,DG-014,,FALSE,
345,IMG_8529.JPG,KOLASE SAMPAH PLASTIK 008/IMG_8529.JPG,UNREVIEWED,,,,,,,,,,,,,,,,,,DG-014,,FALSE,
346,IMG_8531.JPG,KOLASE SAMPAH PLASTIK 008/IMG_8531.JPG,UNREVIEWED,,,,,,,,,,,,,,,,,,DG-014,,FALSE,
347,IMG_8532.JPG,KOLASE SAMPAH PLASTIK 008/IMG_8532.JPG,UNREVIEWED,,,,,,,,,,,,,,,,,,DG-014,,FALSE,
348,IMG_8537.JPG,KOLASE SAMPAH PLASTIK 008/IMG_8537.JPG,UNREVIEWED,,,,,,,,,,,,,,,,,,DG-014,,FALSE,
349,IMG_8538.JPG,KOLASE SAMPAH PLASTIK 008/IMG_8538.JPG,UNREVIEWED,,,,,,,,,,,,,,,,,,DG-014,,FALSE,
350,IMG_8545.JPG,KOLASE SAMPAH PLASTIK 008/IMG_8545.JPG,UNREVIEWED,,,,,,,,,,,,,,,,,,DG-014,,FALSE,
351,IMG_8546.JPG,KOLASE SAMPAH PLASTIK 008/IMG_8546.JPG,UNREVIEWED,,,,,,,,,,,,,,,,,,DG-014,,FALSE,
352,IMG_8547.JPG,KOLASE SAMPAH PLASTIK 008/IMG_8547.JPG,UNREVIEWED,,,,,,,,,,,,,,,,,,DG-014,,FALSE,
353,IMG_8548.JPG,KOLASE SAMPAH PLASTIK 008/IMG_8548.JPG,UNREVIEWED,,,,,,,,,,,,,,,,,,DG-014,,FALSE,
354,IMG_8549.JPG,KOLASE SAMPAH PLASTIK 008/IMG_8549.JPG,UNREVIEWED,,,,,,,,,,,,,,,,,,DG-014,,FALSE,
355,IMG_8550.JPG,KOLASE SAMPAH PLASTIK 008/IMG_8550.JPG,UNREVIEWED,,,,,,,,,,,,,,,,,,DG-014,,FALSE,
356,IMG_8551.JPG,KOLASE SAMPAH PLASTIK 008/IMG_8551.JPG,UNREVIEWED,,,,,,,,,,,,,,,,,,DG-014,,FALSE,
357,IMG_8552.JPG,KOLASE SAMPAH PLASTIK 008/IMG_8552.JPG,UNREVIEWED,,,,,,,,,,,,,,,,,,DG-014,,FALSE,
358,IMG_8553.JPG,KOLASE SAMPAH PLASTIK 008/IMG_8553.JPG,UNREVIEWED,,,,,,,,,,,,,,,,,,DG-014,,FALSE,
359,IMG_8554.JPG,KOLASE SAMPAH PLASTIK 008/IMG_8554.JPG,UNREVIEWED,,,,,,,,,,,,,,,,,,DG-014,,FALSE,
360,IMG_8561.JPG,KOLASE SAMPAH PLASTIK 008/IMG_8561.JPG,UNREVIEWED,,,,,,,,,,,,,,,,,,DG-014,,FALSE,
361,IMG_8562.JPG,KOLASE SAMPAH PLASTIK 008/IMG_8562.JPG,UNREVIEWED,,,,,,,,,,,,,,,,,,DG-014,,FALSE,
362,IMG_8563.JPG,KOLASE SAMPAH PLASTIK 008/IMG_8563.JPG,UNREVIEWED,,,,,,,,,,,,,,,,,,DG-014,,FALSE,
363,IMG_8565.JPG,KOLASE SAMPAH PLASTIK 008/IMG_8565.JPG,UNREVIEWED,,,,,,,,,,,,,,,,,,DG-014,,FALSE,
364,IMG_8567.JPG,KOLASE SAMPAH PLASTIK 008/IMG_8567.JPG,UNREVIEWED,,,,,,,,,,,,,,,,,,DG-014,,FALSE,
365,IMG_8568.JPG,KOLASE SAMPAH PLASTIK 008/IMG_8568.JPG,UNREVIEWED,,,,,,,,,,,,,,,,,,DG-014,,FALSE,
366,IMG_8569.JPG,KOLASE SAMPAH PLASTIK 008/IMG_8569.JPG,UNREVIEWED,,,,,,,,,,,,,,,,,,DG-014,,FALSE,
367,IMG_8570.JPG,KOLASE SAMPAH PLASTIK 008/IMG_8570.JPG,UNREVIEWED,,,,,,,,,,,,,,,,,,DG-014,,FALSE,
368,IMG_8571.JPG,KOLASE SAMPAH PLASTIK 008/IMG_8571.JPG,UNREVIEWED,,,,,,,,,,,,,,,,,,DG-014,,FALSE,
369,IMG_8572.JPG,KOLASE SAMPAH PLASTIK 008/IMG_8572.JPG,UNREVIEWED,,,,,,,,,,,,,,,,,,DG-014,,FALSE,
370,IMG_8574.JPG,KOLASE SAMPAH PLASTIK 008/IMG_8574.JPG,UNREVIEWED,,,,,,,,,,,,,,,,,,DG-014,,FALSE,
371,IMG_8575.JPG,KOLASE SAMPAH PLASTIK 008/IMG_8575.JPG,UNREVIEWED,,,,,,,,,,,,,,,,,,DG-014,,FALSE,
372,IMG_8576.JPG,KOLASE SAMPAH PLASTIK 008/IMG_8576.JPG,UNREVIEWED,,,,,,,,,,,,,,,,,,DG-014,,FALSE,
373,IMG_8577.JPG,KOLASE SAMPAH PLASTIK 008/IMG_8577.JPG,UNREVIEWED,,,,,,,,,,,,,,,,,,DG-014,,FALSE,
374,IMG_8578.JPG,KOLASE SAMPAH PLASTIK 008/IMG_8578.JPG,UNREVIEWED,,,,,,,,,,,,,,,,,,DG-014,,FALSE,
375,IMG_8579.JPG,KOLASE SAMPAH PLASTIK 008/IMG_8579.JPG,UNREVIEWED,,,,,,,,,,,,,,,,,,DG-014,,FALSE,
376,IMG_8580.JPG,KOLASE SAMPAH PLASTIK 008/IMG_8580.JPG,UNREVIEWED,,,,,,,,,,,,,,,,,,DG-014,,FALSE,
377,IMG_8582.JPG,KOLASE SAMPAH PLASTIK 008/IMG_8582.JPG,UNREVIEWED,,,,,,,,,,,,,,,,,,DG-014,,FALSE,
378,IMG_8584.JPG,KOLASE SAMPAH PLASTIK 008/IMG_8584.JPG,UNREVIEWED,,,,,,,,,,,,,,,,,,DG-014,,FALSE,
379,IMG_8585.JPG,KOLASE SAMPAH PLASTIK 008/IMG_8585.JPG,UNREVIEWED,,,,,,,,,,,,,,,,,,DG-014,,FALSE,
380,IMG_8586.JPG,KOLASE SAMPAH PLASTIK 008/IMG_8586.JPG,UNREVIEWED,,,,,,,,,,,,,,,,,,DG-014,,FALSE,
381,IMG_8587.JPG,KOLASE SAMPAH PLASTIK 008/IMG_8587.JPG,UNREVIEWED,,,,,,,,,,,,,,,,,,DG-014,,FALSE,
382,IMG_8588.JPG,KOLASE SAMPAH PLASTIK 008/IMG_8588.JPG,UNREVIEWED,,,,,,,,,,,,,,,,,,DG-014,,FALSE,
383,IMG_8589.JPG,KOLASE SAMPAH PLASTIK 008/IMG_8589.JPG,UNREVIEWED,,,,,,,,,,,,,,,,,,DG-014,,FALSE,
384,IMG_8590.JPG,KOLASE SAMPAH PLASTIK 008/IMG_8590.JPG,UNREVIEWED,,,,,,,,,,,,,,,,,,DG-014,,FALSE,
385,IMG_8361.JPG,NGAJAR SMPN/NGAJAR SMP/IMG_8361.JPG,UNREVIEWED,,,,,,,,,,,,,,,,,,DG-015,,FALSE,
386,IMG_8363.JPG,NGAJAR SMPN/NGAJAR SMP/IMG_8363.JPG,UNREVIEWED,,,,,,,,,,,,,,,,,,DG-015,,FALSE,
387,IMG_8364.JPG,NGAJAR SMPN/NGAJAR SMP/IMG_8364.JPG,UNREVIEWED,,,,,,,,,,,,,,,,,,DG-015,,FALSE,
388,IMG_8365.JPG,NGAJAR SMPN/NGAJAR SMP/IMG_8365.JPG,UNREVIEWED,,,,,,,,,,,,,,,,,,DG-015,,FALSE,
389,IMG_8369.JPG,NGAJAR SMPN/NGAJAR SMP/IMG_8369.JPG,UNREVIEWED,,,,,,,,,,,,,,,,,,DG-015,,FALSE,
390,IMG_8377.JPG,NGAJAR SMPN/NGAJAR SMP/IMG_8377.JPG,UNREVIEWED,,,,,,,,,,,,,,,,,,DG-015,,FALSE,
391,IMG_8378.JPG,NGAJAR SMPN/NGAJAR SMP/IMG_8378.JPG,UNREVIEWED,,,,,,,,,,,,,,,,,,DG-015,,FALSE,
392,IMG_8384.JPG,NGAJAR SMPN/NGAJAR SMP/IMG_8384.JPG,UNREVIEWED,,,,,,,,,,,,,,,,,,DG-015,,FALSE,
393,IMG_8386.JPG,NGAJAR SMPN/NGAJAR SMP/IMG_8386.JPG,UNREVIEWED,,,,,,,,,,,,,,,,,,DG-015,,FALSE,
394,IMG_8390.JPG,NGAJAR SMPN/NGAJAR SMP/IMG_8390.JPG,UNREVIEWED,,,,,,,,,,,,,,,,,,DG-015,,FALSE,
395,IMG_8392.JPG,NGAJAR SMPN/NGAJAR SMP/IMG_8392.JPG,UNREVIEWED,,,,,,,,,,,,,,,,,,DG-015,,FALSE,
396,IMG_8399.JPG,NGAJAR SMPN/NGAJAR SMP/IMG_8399.JPG,UNREVIEWED,,,,,,,,,,,,,,,,,,DG-015,,FALSE,
397,IMG_8400.JPG,NGAJAR SMPN/NGAJAR SMP/IMG_8400.JPG,UNREVIEWED,,,,,,,,,,,,,,,,,,DG-016,,FALSE,
398,IMG_8401.JPG,NGAJAR SMPN/NGAJAR SMP/IMG_8401.JPG,UNREVIEWED,,,,,,,,,,,,,,,,,,DG-016,,FALSE,
399,IMG_8402.JPG,NGAJAR SMPN/NGAJAR SMP/IMG_8402.JPG,UNREVIEWED,,,,,,,,,,,,,,,,,,DG-016,,FALSE,
400,IMG_8404.JPG,NGAJAR SMPN/NGAJAR SMP/IMG_8404.JPG,UNREVIEWED,,,,,,,,,,,,,,,,,,DG-016,,FALSE,
401,IMG_8405.JPG,NGAJAR SMPN/NGAJAR SMP/IMG_8405.JPG,UNREVIEWED,,,,,,,,,,,,,,,,,,DG-016,,FALSE,
402,IMG_8406.JPG,NGAJAR SMPN/NGAJAR SMP/IMG_8406.JPG,UNREVIEWED,,,,,,,,,,,,,,,,,,DG-016,,FALSE,
403,IMG_8408.JPG,NGAJAR SMPN/NGAJAR SMP/IMG_8408.JPG,UNREVIEWED,,,,,,,,,,,,,,,,,,DG-016,,FALSE,
404,IMG_8409.JPG,NGAJAR SMPN/NGAJAR SMP/IMG_8409.JPG,UNREVIEWED,,,,,,,,,,,,,,,,,,DG-016,,FALSE,
405,IMG_8411.JPG,NGAJAR SMPN/NGAJAR SMP/IMG_8411.JPG,UNREVIEWED,,,,,,,,,,,,,,,,,,DG-016,,FALSE,
406,IMG_8413.JPG,NGAJAR SMPN/NGAJAR SMP/IMG_8413.JPG,UNREVIEWED,,,,,,,,,,,,,,,,,,DG-016,,FALSE,
407,IMG_8414.JPG,NGAJAR SMPN/NGAJAR SMP/IMG_8414.JPG,UNREVIEWED,,,,,,,,,,,,,,,,,,DG-016,,FALSE,
408,IMG_8416.JPG,NGAJAR SMPN/NGAJAR SMP/IMG_8416.JPG,UNREVIEWED,,,,,,,,,,,,,,,,,,DG-016,,FALSE,
409,IMG_8417.JPG,NGAJAR SMPN/NGAJAR SMP/IMG_8417.JPG,UNREVIEWED,,,,,,,,,,,,,,,,,,DG-016,,FALSE,
410,IMG_8419.JPG,NGAJAR SMPN/NGAJAR SMP/IMG_8419.JPG,UNREVIEWED,,,,,,,,,,,,,,,,,,DG-016,,FALSE,
411,IMG_8421.JPG,NGAJAR SMPN/NGAJAR SMP/IMG_8421.JPG,UNREVIEWED,,,,,,,,,,,,,,,,,,DG-016,,FALSE,
412,IMG_8422.JPG,NGAJAR SMPN/NGAJAR SMP/IMG_8422.JPG,UNREVIEWED,,,,,,,,,,,,,,,,,,DG-016,,FALSE,
413,IMG_8423.JPG,NGAJAR SMPN/NGAJAR SMP/IMG_8423.JPG,UNREVIEWED,,,,,,,,,,,,,,,,,,DG-016,,FALSE,
414,IMG_8424.JPG,NGAJAR SMPN/NGAJAR SMP/IMG_8424.JPG,UNREVIEWED,,,,,,,,,,,,,,,,,,DG-016,,FALSE,
415,IMG_8425.JPG,NGAJAR SMPN/NGAJAR SMP/IMG_8425.JPG,UNREVIEWED,,,,,,,,,,,,,,,,,,DG-016,,FALSE,
416,IMG_8426.JPG,NGAJAR SMPN/NGAJAR SMP/IMG_8426.JPG,UNREVIEWED,,,,,,,,,,,,,,,,,,DG-016,,FALSE,
417,IMG_8427.JPG,NGAJAR SMPN/NGAJAR SMP/IMG_8427.JPG,UNREVIEWED,,,,,,,,,,,,,,,,,,DG-016,,FALSE,
418,IMG_8428.JPG,NGAJAR SMPN/NGAJAR SMP/IMG_8428.JPG,UNREVIEWED,,,,,,,,,,,,,,,,,,DG-016,,FALSE,
419,IMG_8429.JPG,NGAJAR SMPN/NGAJAR SMP/IMG_8429.JPG,UNREVIEWED,,,,,,,,,,,,,,,,,,DG-016,,FALSE,
420,IMG_8430.JPG,NGAJAR SMPN/NGAJAR SMP/IMG_8430.JPG,UNREVIEWED,,,,,,,,,,,,,,,,,,DG-016,,FALSE,
421,IMG_8431.JPG,NGAJAR SMPN/NGAJAR SMP/IMG_8431.JPG,UNREVIEWED,,,,,,,,,,,,,,,,,,DG-016,,FALSE,
422,IMG_8432.JPG,NGAJAR SMPN/NGAJAR SMP/IMG_8432.JPG,UNREVIEWED,,,,,,,,,,,,,,,,,,DG-016,,FALSE,
423,IMG_8725.JPG,RANDOM/KAKAK-KAKAK/IMG_8725.JPG,UNREVIEWED,,,,,,,,,,,,,,,,,,DG-017,,FALSE,
424,IMG_8732.JPG,RANDOM/KAKAK-KAKAK/IMG_8732.JPG,UNREVIEWED,,,,,,,,,,,,,,,,,,DG-017,,FALSE,
425,IMG_8747.JPG,RANDOM/KAKAK-KAKAK/IMG_8747.JPG,UNREVIEWED,,,,,,,,,,,,,,,,,,DG-017,,FALSE,
426,IMG_8749.JPG,RANDOM/KAKAK-KAKAK/IMG_8749.JPG,UNREVIEWED,,,,,,,,,,,,,,,,,,DG-017,,FALSE,
427,IMG_8750.JPG,RANDOM/KAKAK-KAKAK/IMG_8750.JPG,UNREVIEWED,,,,,,,,,,,,,,,,,,DG-017,,FALSE,
428,IMG_8753.JPG,RANDOM/KAKAK-KAKAK/IMG_8753.JPG,UNREVIEWED,,,,,,,,,,,,,,,,,,DG-017,,FALSE,
429,IMG_8754.JPG,RANDOM/KAKAK-KAKAK/IMG_8754.JPG,UNREVIEWED,,,,,,,,,,,,,,,,,,DG-017,,FALSE,
430,IMG_8770.JPG,RANDOM/KAKAK-KAKAK/IMG_8770.JPG,UNREVIEWED,,,,,,,,,,,,,,,,,,DG-017,,FALSE,
431,Salinan IMG_8756.JPG,RANDOM/KAKAK-KAKAK/Salinan IMG_8756.JPG,UNREVIEWED,,,,,,,,,,,,,,,,,,DG-018,,FALSE,
432,Salinan IMG_8757.JPG,RANDOM/KAKAK-KAKAK/Salinan IMG_8757.JPG,UNREVIEWED,,,,,,,,,,,,,,,,,,DG-018,,FALSE,
433,IMG_8778.JPG,RANDOM/TONIABLE/IMG_8778.JPG,UNREVIEWED,,,,,,,,,,,,,,,,,,DG-019,,FALSE,
434,IMG_8779.JPG,RANDOM/TONIABLE/IMG_8779.JPG,UNREVIEWED,,,,,,,,,,,,,,,,,,DG-019,,FALSE,
435,IMG_8780.JPG,RANDOM/TONIABLE/IMG_8780.JPG,UNREVIEWED,,,,,,,,,,,,,,,,,,DG-019,,FALSE,
436,IMG_8782.JPG,RANDOM/TONIABLE/IMG_8782.JPG,UNREVIEWED,,,,,,,,,,,,,,,,,,DG-019,,FALSE,
437,IMG_7388.JPG,SMPN 02 AIR PUTIH LBJ/KKN SMPN/IMG_7388.JPG,UNREVIEWED,,,,,,,,,,,,,,,,,,DG-020,,FALSE,
438,IMG_7389.JPG,SMPN 02 AIR PUTIH LBJ/KKN SMPN/IMG_7389.JPG,UNREVIEWED,,,,,,,,,,,,,,,,,,DG-020,,FALSE,
439,IMG_7391.JPG,SMPN 02 AIR PUTIH LBJ/KKN SMPN/IMG_7391.JPG,UNREVIEWED,,,,,,,,,,,,,,,,,,DG-020,,FALSE,
440,IMG_7394.JPG,SMPN 02 AIR PUTIH LBJ/KKN SMPN/IMG_7394.JPG,UNREVIEWED,,,,,,,,,,,,,,,,,,DG-020,,FALSE,
441,IMG_7557.JPG,SMPN 02 AIR PUTIH LBJ/KKN SMPN/IMG_7557.JPG,UNREVIEWED,,,,,,,,,,,,,,,,,,DG-021,,FALSE,
442,IMG_7559.JPG,SMPN 02 AIR PUTIH LBJ/KKN SMPN/IMG_7559.JPG,UNREVIEWED,,,,,,,,,,,,,,,,,,DG-021,,FALSE,
443,IMG_7564.JPG,SMPN 02 AIR PUTIH LBJ/KKN SMPN/IMG_7564.JPG,UNREVIEWED,,,,,,,,,,,,,,,,,,DG-021,,FALSE,
444,IMG_7570.JPG,SMPN 02 AIR PUTIH LBJ/KKN SMPN/IMG_7570.JPG,UNREVIEWED,,,,,,,,,,,,,,,,,,DG-021,,FALSE,
445,IMG_7571.JPG,SMPN 02 AIR PUTIH LBJ/KKN SMPN/IMG_7571.JPG,UNREVIEWED,,,,,,,,,,,,,,,,,,DG-021,,FALSE,
446,IMG_7574.JPG,SMPN 02 AIR PUTIH LBJ/KKN SMPN/IMG_7574.JPG,UNREVIEWED,,,,,,,,,,,,,,,,,,DG-021,,FALSE,
447,IMG_7575.JPG,SMPN 02 AIR PUTIH LBJ/KKN SMPN/IMG_7575.JPG,UNREVIEWED,,,,,,,,,,,,,,,,,,DG-021,,FALSE,
448,IMG_7576.JPG,SMPN 02 AIR PUTIH LBJ/KKN SMPN/IMG_7576.JPG,UNREVIEWED,,,,,,,,,,,,,,,,,,DG-021,,FALSE,
449,IMG_7577.JPG,SMPN 02 AIR PUTIH LBJ/KKN SMPN/IMG_7577.JPG,UNREVIEWED,,,,,,,,,,,,,,,,,,DG-021,,FALSE,
450,IMG_7578.JPG,SMPN 02 AIR PUTIH LBJ/KKN SMPN/IMG_7578.JPG,UNREVIEWED,,,,,,,,,,,,,,,,,,DG-021,,FALSE,
451,IMG_7579.JPG,SMPN 02 AIR PUTIH LBJ/KKN SMPN/IMG_7579.JPG,UNREVIEWED,,,,,,,,,,,,,,,,,,DG-021,,FALSE,
452,IMG_7580.JPG,SMPN 02 AIR PUTIH LBJ/KKN SMPN/IMG_7580.JPG,UNREVIEWED,,,,,,,,,,,,,,,,,,DG-021,,FALSE,
453,IMG_7582.JPG,SMPN 02 AIR PUTIH LBJ/KKN SMPN/IMG_7582.JPG,UNREVIEWED,,,,,,,,,,,,,,,,,,DG-021,,FALSE,
454,IMG_7583.JPG,SMPN 02 AIR PUTIH LBJ/KKN SMPN/IMG_7583.JPG,UNREVIEWED,,,,,,,,,,,,,,,,,,DG-021,,FALSE,
455,IMG_7584.JPG,SMPN 02 AIR PUTIH LBJ/KKN SMPN/IMG_7584.JPG,UNREVIEWED,,,,,,,,,,,,,,,,,,DG-021,,FALSE,
456,IMG_7585.JPG,SMPN 02 AIR PUTIH LBJ/KKN SMPN/IMG_7585.JPG,UNREVIEWED,,,,,,,,,,,,,,,,,,DG-021,,FALSE,
457,IMG_7586.JPG,SMPN 02 AIR PUTIH LBJ/KKN SMPN/IMG_7586.JPG,UNREVIEWED,,,,,,,,,,,,,,,,,,DG-021,,FALSE,
458,IMG_7587.JPG,SMPN 02 AIR PUTIH LBJ/KKN SMPN/IMG_7587.JPG,UNREVIEWED,,,,,,,,,,,,,,,,,,DG-021,,FALSE,
459,IMG_7589.JPG,SMPN 02 AIR PUTIH LBJ/KKN SMPN/IMG_7589.JPG,UNREVIEWED,,,,,,,,,,,,,,,,,,DG-021,,FALSE,
460,IMG_7590.JPG,SMPN 02 AIR PUTIH LBJ/KKN SMPN/IMG_7590.JPG,UNREVIEWED,,,,,,,,,,,,,,,,,,DG-021,,FALSE,
461,IMG_7591.JPG,SMPN 02 AIR PUTIH LBJ/KKN SMPN/IMG_7591.JPG,UNREVIEWED,,,,,,,,,,,,,,,,,,DG-021,,FALSE,
462,IMG_7592.JPG,SMPN 02 AIR PUTIH LBJ/KKN SMPN/IMG_7592.JPG,UNREVIEWED,,,,,,,,,,,,,,,,,,DG-021,,FALSE,
463,IMG_7593.JPG,SMPN 02 AIR PUTIH LBJ/KKN SMPN/IMG_7593.JPG,UNREVIEWED,,,,,,,,,,,,,,,,,,DG-021,,FALSE,
464,IMG_7594.JPG,SMPN 02 AIR PUTIH LBJ/KKN SMPN/IMG_7594.JPG,UNREVIEWED,,,,,,,,,,,,,,,,,,DG-021,,FALSE,
465,IMG_7595.JPG,SMPN 02 AIR PUTIH LBJ/KKN SMPN/IMG_7595.JPG,UNREVIEWED,,,,,,,,,,,,,,,,,,DG-021,,FALSE,
466,IMG_7597.JPG,SMPN 02 AIR PUTIH LBJ/KKN SMPN/IMG_7597.JPG,UNREVIEWED,,,,,,,,,,,,,,,,,,DG-021,,FALSE,
467,IMG_7599.JPG,SMPN 02 AIR PUTIH LBJ/KKN SMPN/IMG_7599.JPG,UNREVIEWED,,,,,,,,,,,,,,,,,,DG-021,,FALSE,
468,IMG_7600.JPG,SMPN 02 AIR PUTIH LBJ/KKN SMPN/IMG_7600.JPG,UNREVIEWED,,,,,,,,,,,,,,,,,,DG-022,,FALSE,
469,IMG_7601.JPG,SMPN 02 AIR PUTIH LBJ/KKN SMPN/IMG_7601.JPG,UNREVIEWED,,,,,,,,,,,,,,,,,,DG-022,,FALSE,
470,IMG_7602(1).JPG,SMPN 02 AIR PUTIH LBJ/KKN SMPN/IMG_7602(1).JPG,UNREVIEWED,,,,,,,,,,,,,,,,,,DG-022,,FALSE,
471,IMG_7602.JPG,SMPN 02 AIR PUTIH LBJ/KKN SMPN/IMG_7602.JPG,UNREVIEWED,,,,,,,,,,,,,,,,,,DG-022,,FALSE,
472,IMG_7603.JPG,SMPN 02 AIR PUTIH LBJ/KKN SMPN/IMG_7603.JPG,UNREVIEWED,,,,,,,,,,,,,,,,,,DG-022,,FALSE,
473,IMG_7604.JPG,SMPN 02 AIR PUTIH LBJ/KKN SMPN/IMG_7604.JPG,UNREVIEWED,,,,,,,,,,,,,,,,,,DG-022,,FALSE,
474,IMG_7605.JPG,SMPN 02 AIR PUTIH LBJ/KKN SMPN/IMG_7605.JPG,UNREVIEWED,,,,,,,,,,,,,,,,,,DG-022,,FALSE,
475,IMG_7606.JPG,SMPN 02 AIR PUTIH LBJ/KKN SMPN/IMG_7606.JPG,UNREVIEWED,,,,,,,,,,,,,,,,,,DG-022,,FALSE,
476,IMG_7607.JPG,SMPN 02 AIR PUTIH LBJ/KKN SMPN/IMG_7607.JPG,UNREVIEWED,,,,,,,,,,,,,,,,,,DG-022,,FALSE,
477,IMG_7608.JPG,SMPN 02 AIR PUTIH LBJ/KKN SMPN/IMG_7608.JPG,UNREVIEWED,,,,,,,,,,,,,,,,,,DG-022,,FALSE,
478,IMG_7609.JPG,SMPN 02 AIR PUTIH LBJ/KKN SMPN/IMG_7609.JPG,UNREVIEWED,,,,,,,,,,,,,,,,,,DG-022,,FALSE,
479,IMG_7613(1).JPG,SMPN 02 AIR PUTIH LBJ/KKN SMPN/IMG_7613(1).JPG,UNREVIEWED,,,,,,,,,,,,,,,,,,DG-022,,FALSE,
480,IMG_7613.JPG,SMPN 02 AIR PUTIH LBJ/KKN SMPN/IMG_7613.JPG,UNREVIEWED,,,,,,,,,,,,,,,,,,DG-022,,FALSE,
481,IMG_7616.JPG,SMPN 02 AIR PUTIH LBJ/KKN SMPN/IMG_7616.JPG,UNREVIEWED,,,,,,,,,,,,,,,,,,DG-022,,FALSE,
482,IMG_7617.JPG,SMPN 02 AIR PUTIH LBJ/KKN SMPN/IMG_7617.JPG,UNREVIEWED,,,,,,,,,,,,,,,,,,DG-022,,FALSE,
483,IMG_7618.JPG,SMPN 02 AIR PUTIH LBJ/KKN SMPN/IMG_7618.JPG,UNREVIEWED,,,,,,,,,,,,,,,,,,DG-022,,FALSE,
484,IMG_7619.JPG,SMPN 02 AIR PUTIH LBJ/KKN SMPN/IMG_7619.JPG,UNREVIEWED,,,,,,,,,,,,,,,,,,DG-022,,FALSE,
485,IMG_7620.JPG,SMPN 02 AIR PUTIH LBJ/KKN SMPN/IMG_7620.JPG,UNREVIEWED,,,,,,,,,,,,,,,,,,DG-022,,FALSE,
486,IMG_7622.JPG,SMPN 02 AIR PUTIH LBJ/KKN SMPN/IMG_7622.JPG,UNREVIEWED,,,,,,,,,,,,,,,,,,DG-022,,FALSE,
487,IMG_7625.JPG,SMPN 02 AIR PUTIH LBJ/KKN SMPN/IMG_7625.JPG,UNREVIEWED,,,,,,,,,,,,,,,,,,DG-022,,FALSE,
488,IMG_7626.JPG,SMPN 02 AIR PUTIH LBJ/KKN SMPN/IMG_7626.JPG,UNREVIEWED,,,,,,,,,,,,,,,,,,DG-022,,FALSE,
489,IMG_7628.JPG,SMPN 02 AIR PUTIH LBJ/KKN SMPN/IMG_7628.JPG,UNREVIEWED,,,,,,,,,,,,,,,,,,DG-022,,FALSE,
490,IMG_7629.JPG,SMPN 02 AIR PUTIH LBJ/KKN SMPN/IMG_7629.JPG,UNREVIEWED,,,,,,,,,,,,,,,,,,DG-022,,FALSE,
491,IMG_7630.JPG,SMPN 02 AIR PUTIH LBJ/KKN SMPN/IMG_7630.JPG,UNREVIEWED,,,,,,,,,,,,,,,,,,DG-022,,FALSE,
492,IMG_7631.JPG,SMPN 02 AIR PUTIH LBJ/KKN SMPN/IMG_7631.JPG,UNREVIEWED,,,,,,,,,,,,,,,,,,DG-022,,FALSE,
493,IMG_7632.JPG,SMPN 02 AIR PUTIH LBJ/KKN SMPN/IMG_7632.JPG,UNREVIEWED,,,,,,,,,,,,,,,,,,DG-022,,FALSE,
494,IMG_7633.JPG,SMPN 02 AIR PUTIH LBJ/KKN SMPN/IMG_7633.JPG,UNREVIEWED,,,,,,,,,,,,,,,,,,DG-022,,FALSE,
495,IMG_7634.JPG,SMPN 02 AIR PUTIH LBJ/KKN SMPN/IMG_7634.JPG,UNREVIEWED,,,,,,,,,,,,,,,,,,DG-022,,FALSE,
496,IMG_7635.JPG,SMPN 02 AIR PUTIH LBJ/KKN SMPN/IMG_7635.JPG,UNREVIEWED,,,,,,,,,,,,,,,,,,DG-022,,FALSE,
497,IMG_7636.JPG,SMPN 02 AIR PUTIH LBJ/KKN SMPN/IMG_7636.JPG,UNREVIEWED,,,,,,,,,,,,,,,,,,DG-022,,FALSE,
498,IMG_7638.JPG,SMPN 02 AIR PUTIH LBJ/KKN SMPN/IMG_7638.JPG,UNREVIEWED,,,,,,,,,,,,,,,,,,DG-022,,FALSE,
499,IMG_7640.JPG,SMPN 02 AIR PUTIH LBJ/KKN SMPN/IMG_7640.JPG,UNREVIEWED,,,,,,,,,,,,,,,,,,DG-022,,FALSE,
500,IMG_7642.JPG,SMPN 02 AIR PUTIH LBJ/KKN SMPN/IMG_7642.JPG,UNREVIEWED,,,,,,,,,,,,,,,,,,DG-022,,FALSE,
501,IMG_7643.JPG,SMPN 02 AIR PUTIH LBJ/KKN SMPN/IMG_7643.JPG,UNREVIEWED,,,,,,,,,,,,,,,,,,DG-022,,FALSE,
502,IMG_7644.JPG,SMPN 02 AIR PUTIH LBJ/KKN SMPN/IMG_7644.JPG,UNREVIEWED,,,,,,,,,,,,,,,,,,DG-022,,FALSE,
503,IMG_7645.JPG,SMPN 02 AIR PUTIH LBJ/KKN SMPN/IMG_7645.JPG,UNREVIEWED,,,,,,,,,,,,,,,,,,DG-022,,FALSE,
504,IMG_7646.JPG,SMPN 02 AIR PUTIH LBJ/KKN SMPN/IMG_7646.JPG,UNREVIEWED,,,,,,,,,,,,,,,,,,DG-022,,FALSE,
505,IMG_7647.JPG,SMPN 02 AIR PUTIH LBJ/KKN SMPN/IMG_7647.JPG,UNREVIEWED,,,,,,,,,,,,,,,,,,DG-022,,FALSE,
506,IMG_7650.JPG,SMPN 02 AIR PUTIH LBJ/KKN SMPN/IMG_7650.JPG,UNREVIEWED,,,,,,,,,,,,,,,,,,DG-022,,FALSE,
507,IMG_7651.JPG,SMPN 02 AIR PUTIH LBJ/KKN SMPN/IMG_7651.JPG,UNREVIEWED,,,,,,,,,,,,,,,,,,DG-022,,FALSE,
508,IMG_7652.JPG,SMPN 02 AIR PUTIH LBJ/KKN SMPN/IMG_7652.JPG,UNREVIEWED,,,,,,,,,,,,,,,,,,DG-022,,FALSE,
509,IMG_7653.JPG,SMPN 02 AIR PUTIH LBJ/KKN SMPN/IMG_7653.JPG,UNREVIEWED,,,,,,,,,,,,,,,,,,DG-022,,FALSE,
510,IMG_7654.JPG,SMPN 02 AIR PUTIH LBJ/KKN SMPN/IMG_7654.JPG,UNREVIEWED,,,,,,,,,,,,,,,,,,DG-022,,FALSE,
511,IMG_7655.JPG,SMPN 02 AIR PUTIH LBJ/KKN SMPN/IMG_7655.JPG,UNREVIEWED,,,,,,,,,,,,,,,,,,DG-022,,FALSE,
512,IMG_7656(1).JPG,SMPN 02 AIR PUTIH LBJ/KKN SMPN/IMG_7656(1).JPG,UNREVIEWED,,,,,,,,,,,,,,,,,,DG-022,,FALSE,
513,IMG_7656.JPG,SMPN 02 AIR PUTIH LBJ/KKN SMPN/IMG_7656.JPG,UNREVIEWED,,,,,,,,,,,,,,,,,,DG-022,,FALSE,
514,IMG_7657.JPG,SMPN 02 AIR PUTIH LBJ/KKN SMPN/IMG_7657.JPG,UNREVIEWED,,,,,,,,,,,,,,,,,,DG-022,,FALSE,
515,IMG_7658.JPG,SMPN 02 AIR PUTIH LBJ/KKN SMPN/IMG_7658.JPG,UNREVIEWED,,,,,,,,,,,,,,,,,,DG-022,,FALSE,
516,IMG_7659.JPG,SMPN 02 AIR PUTIH LBJ/KKN SMPN/IMG_7659.JPG,UNREVIEWED,,,,,,,,,,,,,,,,,,DG-022,,FALSE,
517,IMG_7664.JPG,SMPN 02 AIR PUTIH LBJ/KKN SMPN/IMG_7664.JPG,UNREVIEWED,,,,,,,,,,,,,,,,,,DG-022,,FALSE,
518,IMG_7665.JPG,SMPN 02 AIR PUTIH LBJ/KKN SMPN/IMG_7665.JPG,UNREVIEWED,,,,,,,,,,,,,,,,,,DG-022,,FALSE,
519,IMG_7666.JPG,SMPN 02 AIR PUTIH LBJ/KKN SMPN/IMG_7666.JPG,UNREVIEWED,,,,,,,,,,,,,,,,,,DG-022,,FALSE,
520,IMG_7668.JPG,SMPN 02 AIR PUTIH LBJ/KKN SMPN/IMG_7668.JPG,UNREVIEWED,,,,,,,,,,,,,,,,,,DG-022,,FALSE,
521,IMG_7669.JPG,SMPN 02 AIR PUTIH LBJ/KKN SMPN/IMG_7669.JPG,UNREVIEWED,,,,,,,,,,,,,,,,,,DG-022,,FALSE,
522,IMG_7670.JPG,SMPN 02 AIR PUTIH LBJ/KKN SMPN/IMG_7670.JPG,UNREVIEWED,,,,,,,,,,,,,,,,,,DG-022,,FALSE,
523,IMG_7671.JPG,SMPN 02 AIR PUTIH LBJ/KKN SMPN/IMG_7671.JPG,UNREVIEWED,,,,,,,,,,,,,,,,,,DG-022,,FALSE,
524,IMG_7673.JPG,SMPN 02 AIR PUTIH LBJ/KKN SMPN/IMG_7673.JPG,UNREVIEWED,,,,,,,,,,,,,,,,,,DG-022,,FALSE,
525,IMG_7674.JPG,SMPN 02 AIR PUTIH LBJ/KKN SMPN/IMG_7674.JPG,UNREVIEWED,,,,,,,,,,,,,,,,,,DG-022,,FALSE,
526,IMG_7675.JPG,SMPN 02 AIR PUTIH LBJ/KKN SMPN/IMG_7675.JPG,UNREVIEWED,,,,,,,,,,,,,,,,,,DG-022,,FALSE,
527,IMG_7676.JPG,SMPN 02 AIR PUTIH LBJ/KKN SMPN/IMG_7676.JPG,UNREVIEWED,,,,,,,,,,,,,,,,,,DG-022,,FALSE,
528,IMG_7677.JPG,SMPN 02 AIR PUTIH LBJ/KKN SMPN/IMG_7677.JPG,UNREVIEWED,,,,,,,,,,,,,,,,,,DG-022,,FALSE,
529,IMG_7678.JPG,SMPN 02 AIR PUTIH LBJ/KKN SMPN/IMG_7678.JPG,UNREVIEWED,,,,,,,,,,,,,,,,,,DG-022,,FALSE,
530,IMG_7680(1).JPG,SMPN 02 AIR PUTIH LBJ/KKN SMPN/IMG_7680(1).JPG,UNREVIEWED,,,,,,,,,,,,,,,,,,DG-022,,FALSE,
531,IMG_7680.JPG,SMPN 02 AIR PUTIH LBJ/KKN SMPN/IMG_7680.JPG,UNREVIEWED,,,,,,,,,,,,,,,,,,DG-022,,FALSE,
532,IMG_7681.JPG,SMPN 02 AIR PUTIH LBJ/KKN SMPN/IMG_7681.JPG,UNREVIEWED,,,,,,,,,,,,,,,,,,DG-022,,FALSE,
533,IMG_7683(1).JPG,SMPN 02 AIR PUTIH LBJ/KKN SMPN/IMG_7683(1).JPG,UNREVIEWED,,,,,,,,,,,,,,,,,,DG-022,,FALSE,
534,IMG_7683.JPG,SMPN 02 AIR PUTIH LBJ/KKN SMPN/IMG_7683.JPG,UNREVIEWED,,,,,,,,,,,,,,,,,,DG-022,,FALSE,
535,IMG_7684(1).JPG,SMPN 02 AIR PUTIH LBJ/KKN SMPN/IMG_7684(1).JPG,UNREVIEWED,,,,,,,,,,,,,,,,,,DG-022,,FALSE,
536,IMG_7684.JPG,SMPN 02 AIR PUTIH LBJ/KKN SMPN/IMG_7684.JPG,UNREVIEWED,,,,,,,,,,,,,,,,,,DG-022,,FALSE,
537,IMG_7685.JPG,SMPN 02 AIR PUTIH LBJ/KKN SMPN/IMG_7685.JPG,UNREVIEWED,,,,,,,,,,,,,,,,,,DG-022,,FALSE,
538,IMG_7689.JPG,SMPN 02 AIR PUTIH LBJ/KKN SMPN/IMG_7689.JPG,UNREVIEWED,,,,,,,,,,,,,,,,,,DG-022,,FALSE,
539,IMG_7691(1).JPG,SMPN 02 AIR PUTIH LBJ/KKN SMPN/IMG_7691(1).JPG,UNREVIEWED,,,,,,,,,,,,,,,,,,DG-022,,FALSE,
540,IMG_7691.JPG,SMPN 02 AIR PUTIH LBJ/KKN SMPN/IMG_7691.JPG,UNREVIEWED,,,,,,,,,,,,,,,,,,DG-022,,FALSE,
541,IMG_7692.JPG,SMPN 02 AIR PUTIH LBJ/KKN SMPN/IMG_7692.JPG,UNREVIEWED,,,,,,,,,,,,,,,,,,DG-022,,FALSE,
542,IMG_7693.JPG,SMPN 02 AIR PUTIH LBJ/KKN SMPN/IMG_7693.JPG,UNREVIEWED,,,,,,,,,,,,,,,,,,DG-022,,FALSE,
543,IMG_7694.JPG,SMPN 02 AIR PUTIH LBJ/KKN SMPN/IMG_7694.JPG,UNREVIEWED,,,,,,,,,,,,,,,,,,DG-022,,FALSE,
544,IMG_7695.JPG,SMPN 02 AIR PUTIH LBJ/KKN SMPN/IMG_7695.JPG,UNREVIEWED,,,,,,,,,,,,,,,,,,DG-022,,FALSE,
545,IMG_7696.JPG,SMPN 02 AIR PUTIH LBJ/KKN SMPN/IMG_7696.JPG,UNREVIEWED,,,,,,,,,,,,,,,,,,DG-022,,FALSE,
546,IMG_7697.JPG,SMPN 02 AIR PUTIH LBJ/KKN SMPN/IMG_7697.JPG,UNREVIEWED,,,,,,,,,,,,,,,,,,DG-022,,FALSE,
547,IMG_7698.JPG,SMPN 02 AIR PUTIH LBJ/KKN SMPN/IMG_7698.JPG,UNREVIEWED,,,,,,,,,,,,,,,,,,DG-022,,FALSE,
548,IMG_7699.JPG,SMPN 02 AIR PUTIH LBJ/KKN SMPN/IMG_7699.JPG,UNREVIEWED,,,,,,,,,,,,,,,,,,DG-022,,FALSE,
549,IMG_7700.JPG,SMPN 02 AIR PUTIH LBJ/KKN SMPN/IMG_7700.JPG,UNREVIEWED,,,,,,,,,,,,,,,,,,DG-023,,FALSE,
550,IMG_7701.JPG,SMPN 02 AIR PUTIH LBJ/KKN SMPN/IMG_7701.JPG,UNREVIEWED,,,,,,,,,,,,,,,,,,DG-023,,FALSE,
551,IMG_7703.JPG,SMPN 02 AIR PUTIH LBJ/KKN SMPN/IMG_7703.JPG,UNREVIEWED,,,,,,,,,,,,,,,,,,DG-023,,FALSE,
552,IMG_7704.JPG,SMPN 02 AIR PUTIH LBJ/KKN SMPN/IMG_7704.JPG,UNREVIEWED,,,,,,,,,,,,,,,,,,DG-023,,FALSE,
553,IMG_7705.JPG,SMPN 02 AIR PUTIH LBJ/KKN SMPN/IMG_7705.JPG,UNREVIEWED,,,,,,,,,,,,,,,,,,DG-023,,FALSE,
554,IMG_7708.JPG,SMPN 02 AIR PUTIH LBJ/KKN SMPN/IMG_7708.JPG,UNREVIEWED,,,,,,,,,,,,,,,,,,DG-023,,FALSE,
555,IMG_7709.JPG,SMPN 02 AIR PUTIH LBJ/KKN SMPN/IMG_7709.JPG,UNREVIEWED,,,,,,,,,,,,,,,,,,DG-023,,FALSE,
556,IMG_7710.JPG,SMPN 02 AIR PUTIH LBJ/KKN SMPN/IMG_7710.JPG,UNREVIEWED,,,,,,,,,,,,,,,,,,DG-023,,FALSE,
557,IMG_7711.JPG,SMPN 02 AIR PUTIH LBJ/KKN SMPN/IMG_7711.JPG,UNREVIEWED,,,,,,,,,,,,,,,,,,DG-023,,FALSE,
558,IMG_7712.JPG,SMPN 02 AIR PUTIH LBJ/KKN SMPN/IMG_7712.JPG,UNREVIEWED,,,,,,,,,,,,,,,,,,DG-023,,FALSE,
559,IMG_7714.JPG,SMPN 02 AIR PUTIH LBJ/KKN SMPN/IMG_7714.JPG,UNREVIEWED,,,,,,,,,,,,,,,,,,DG-023,,FALSE,
560,IMG_7715.JPG,SMPN 02 AIR PUTIH LBJ/KKN SMPN/IMG_7715.JPG,UNREVIEWED,,,,,,,,,,,,,,,,,,DG-023,,FALSE,
561,IMG_7716.JPG,SMPN 02 AIR PUTIH LBJ/KKN SMPN/IMG_7716.JPG,UNREVIEWED,,,,,,,,,,,,,,,,,,DG-023,,FALSE,
562,IMG_7717.JPG,SMPN 02 AIR PUTIH LBJ/KKN SMPN/IMG_7717.JPG,UNREVIEWED,,,,,,,,,,,,,,,,,,DG-023,,FALSE,
563,IMG_7718.JPG,SMPN 02 AIR PUTIH LBJ/KKN SMPN/IMG_7718.JPG,UNREVIEWED,,,,,,,,,,,,,,,,,,DG-023,,FALSE,
564,IMG_7719.JPG,SMPN 02 AIR PUTIH LBJ/KKN SMPN/IMG_7719.JPG,UNREVIEWED,,,,,,,,,,,,,,,,,,DG-023,,FALSE,
565,IMG_7720.JPG,SMPN 02 AIR PUTIH LBJ/KKN SMPN/IMG_7720.JPG,UNREVIEWED,,,,,,,,,,,,,,,,,,DG-023,,FALSE,
566,IMG_7721.JPG,SMPN 02 AIR PUTIH LBJ/KKN SMPN/IMG_7721.JPG,UNREVIEWED,,,,,,,,,,,,,,,,,,DG-023,,FALSE,
567,IMG_7722.JPG,SMPN 02 AIR PUTIH LBJ/KKN SMPN/IMG_7722.JPG,UNREVIEWED,,,,,,,,,,,,,,,,,,DG-023,,FALSE,
568,IMG_7723.JPG,SMPN 02 AIR PUTIH LBJ/KKN SMPN/IMG_7723.JPG,UNREVIEWED,,,,,,,,,,,,,,,,,,DG-023,,FALSE,
569,IMG_7728.JPG,SMPN 02 AIR PUTIH LBJ/KKN SMPN/IMG_7728.JPG,UNREVIEWED,,,,,,,,,,,,,,,,,,DG-023,,FALSE,
570,IMG_7730.JPG,SMPN 02 AIR PUTIH LBJ/KKN SMPN/IMG_7730.JPG,UNREVIEWED,,,,,,,,,,,,,,,,,,DG-023,,FALSE,
571,IMG_7731.JPG,SMPN 02 AIR PUTIH LBJ/KKN SMPN/IMG_7731.JPG,UNREVIEWED,,,,,,,,,,,,,,,,,,DG-023,,FALSE,
572,IMG_7732.JPG,SMPN 02 AIR PUTIH LBJ/KKN SMPN/IMG_7732.JPG,UNREVIEWED,,,,,,,,,,,,,,,,,,DG-023,,FALSE,
573,IMG_7734.JPG,SMPN 02 AIR PUTIH LBJ/KKN SMPN/IMG_7734.JPG,UNREVIEWED,,,,,,,,,,,,,,,,,,DG-023,,FALSE,
574,IMG_7735.JPG,SMPN 02 AIR PUTIH LBJ/KKN SMPN/IMG_7735.JPG,UNREVIEWED,,,,,,,,,,,,,,,,,,DG-023,,FALSE,
575,IMG_7736.JPG,SMPN 02 AIR PUTIH LBJ/KKN SMPN/IMG_7736.JPG,UNREVIEWED,,,,,,,,,,,,,,,,,,DG-023,,FALSE,
576,IMG_7737.JPG,SMPN 02 AIR PUTIH LBJ/KKN SMPN/IMG_7737.JPG,UNREVIEWED,,,,,,,,,,,,,,,,,,DG-023,,FALSE,
577,IMG_7759.JPG,SMPN 02 AIR PUTIH LBJ/KKN SMPN/IMG_7759.JPG,UNREVIEWED,,,,,,,,,,,,,,,,,,DG-023,,FALSE,
578,IMG_7760.JPG,SMPN 02 AIR PUTIH LBJ/KKN SMPN/IMG_7760.JPG,UNREVIEWED,,,,,,,,,,,,,,,,,,DG-023,,FALSE,
579,IMG_7761.JPG,SMPN 02 AIR PUTIH LBJ/KKN SMPN/IMG_7761.JPG,UNREVIEWED,,,,,,,,,,,,,,,,,,DG-023,,FALSE,
580,IMG_7762.JPG,SMPN 02 AIR PUTIH LBJ/KKN SMPN/IMG_7762.JPG,UNREVIEWED,,,,,,,,,,,,,,,,,,DG-023,,FALSE,
581,IMG_7763.JPG,SMPN 02 AIR PUTIH LBJ/KKN SMPN/IMG_7763.JPG,UNREVIEWED,,,,,,,,,,,,,,,,,,DG-023,,FALSE,
582,IMG_7764(1).JPG,SMPN 02 AIR PUTIH LBJ/KKN SMPN/IMG_7764(1).JPG,UNREVIEWED,,,,,,,,,,,,,,,,,,DG-023,,FALSE,
583,IMG_7764.JPG,SMPN 02 AIR PUTIH LBJ/KKN SMPN/IMG_7764.JPG,UNREVIEWED,,,,,,,,,,,,,,,,,,DG-023,,FALSE,
584,IMG_7765.JPG,SMPN 02 AIR PUTIH LBJ/KKN SMPN/IMG_7765.JPG,UNREVIEWED,,,,,,,,,,,,,,,,,,DG-023,,FALSE,
585,IMG_7767.JPG,SMPN 02 AIR PUTIH LBJ/KKN SMPN/IMG_7767.JPG,UNREVIEWED,,,,,,,,,,,,,,,,,,DG-023,,FALSE,
586,IMG_7768.JPG,SMPN 02 AIR PUTIH LBJ/KKN SMPN/IMG_7768.JPG,UNREVIEWED,,,,,,,,,,,,,,,,,,DG-023,,FALSE,
587,IMG_7769.JPG,SMPN 02 AIR PUTIH LBJ/KKN SMPN/IMG_7769.JPG,UNREVIEWED,,,,,,,,,,,,,,,,,,DG-023,,FALSE,
588,IMG_7770.JPG,SMPN 02 AIR PUTIH LBJ/KKN SMPN/IMG_7770.JPG,UNREVIEWED,,,,,,,,,,,,,,,,,,DG-023,,FALSE,
589,IMG_7771.JPG,SMPN 02 AIR PUTIH LBJ/KKN SMPN/IMG_7771.JPG,UNREVIEWED,,,,,,,,,,,,,,,,,,DG-023,,FALSE,
590,IMG_7775.JPG,SMPN 02 AIR PUTIH LBJ/KKN SMPN/IMG_7775.JPG,UNREVIEWED,,,,,,,,,,,,,,,,,,DG-023,,FALSE,
591,IMG_7779.JPG,SMPN 02 AIR PUTIH LBJ/KKN SMPN/IMG_7779.JPG,UNREVIEWED,,,,,,,,,,,,,,,,,,DG-023,,FALSE,
592,IMG_7780.JPG,SMPN 02 AIR PUTIH LBJ/KKN SMPN/IMG_7780.JPG,UNREVIEWED,,,,,,,,,,,,,,,,,,DG-023,,FALSE,
593,IMG_7781.JPG,SMPN 02 AIR PUTIH LBJ/KKN SMPN/IMG_7781.JPG,UNREVIEWED,,,,,,,,,,,,,,,,,,DG-023,,FALSE,
594,IMG_7782.JPG,SMPN 02 AIR PUTIH LBJ/KKN SMPN/IMG_7782.JPG,UNREVIEWED,,,,,,,,,,,,,,,,,,DG-023,,FALSE,
595,IMG_7784.JPG,SMPN 02 AIR PUTIH LBJ/KKN SMPN/IMG_7784.JPG,UNREVIEWED,,,,,,,,,,,,,,,,,,DG-023,,FALSE,
596,IMG_7785.JPG,SMPN 02 AIR PUTIH LBJ/KKN SMPN/IMG_7785.JPG,UNREVIEWED,,,,,,,,,,,,,,,,,,DG-023,,FALSE,
597,IMG_7786.JPG,SMPN 02 AIR PUTIH LBJ/KKN SMPN/IMG_7786.JPG,UNREVIEWED,,,,,,,,,,,,,,,,,,DG-023,,FALSE,
598,IMG_7787.JPG,SMPN 02 AIR PUTIH LBJ/KKN SMPN/IMG_7787.JPG,UNREVIEWED,,,,,,,,,,,,,,,,,,DG-023,,FALSE,
599,IMG_7788.JPG,SMPN 02 AIR PUTIH LBJ/KKN SMPN/IMG_7788.JPG,UNREVIEWED,,,,,,,,,,,,,,,,,,DG-023,,FALSE,
600,IMG_7790.JPG,SMPN 02 AIR PUTIH LBJ/KKN SMPN/IMG_7790.JPG,UNREVIEWED,,,,,,,,,,,,,,,,,,DG-023,,FALSE,
601,IMG_7791.JPG,SMPN 02 AIR PUTIH LBJ/KKN SMPN/IMG_7791.JPG,UNREVIEWED,,,,,,,,,,,,,,,,,,DG-023,,FALSE,
602,IMG_7792.JPG,SMPN 02 AIR PUTIH LBJ/KKN SMPN/IMG_7792.JPG,UNREVIEWED,,,,,,,,,,,,,,,,,,DG-023,,FALSE,
603,IMG_7793.JPG,SMPN 02 AIR PUTIH LBJ/KKN SMPN/IMG_7793.JPG,UNREVIEWED,,,,,,,,,,,,,,,,,,DG-023,,FALSE,
